Type,Name,Request Count,Failure Count,Median Response Time,Average Response Time,Min Response Time,Max Response Time,Average Content Size,Requests/s,Failures/s,50%,66%,75%,80%,90%,95%,98%,99%,99.9%,99.99%,100%
POST,/cin/create/1,515,2,44,1008.0667537786777,11.47911700172699,13314.676304000386,3.029126213592233,0.0714998999685158,0.0002776695144408381,44,79,470,1100,3400,7000,10000,12000,13000,13000,13000
POST,/cin/create/10,498,1,44,900.3223780702634,12.031844999000896,13088.071057001798,3.036144578313253,0.06913970909576868,0.00013883475722041905,44,63,360,890,3900,5900,8200,9100,13000,13000,13000
POST,/cin/create/100,539,5,45,861.5831651465916,10.469394999745418,10714.603983000416,3.1669758812615956,0.07483193414180586,0.0006941737861020952,45,99,670,1200,3500,5000,7500,8600,11000,11000,11000
POST,/cin/create/101,565,0,45,1142.3168366247955,14.335158999529085,16024.792565998723,3.0,0.07844163782953675,0.0,45,84,600,1200,4200,7800,10000,11000,16000,16000,16000
POST,/cin/create/102,531,2,45,1109.7530186873892,14.669426000182284,13131.689883000945,3.047080979284369,0.07372125608404251,0.0002776695144408381,45,85,760,1600,4000,6800,9700,11000,13000,13000,13000
POST,/cin/create/103,524,2,44,991.4359135897181,13.484756998877856,13394.592824999563,3.068702290076336,0.07274941278349958,0.0002776695144408381,44,89,700,1400,3700,6000,8700,9800,13000,13000,13000
POST,/cin/create/104,558,3,44,860.5009035429805,11.42712399996526,13190.651216000333,3.096774193548387,0.07746979452899383,0.0004165042716612571,44,81,400,940,3000,5900,8100,9500,13000,13000,13000
POST,/cin/create/105,557,3,44,1059.1741896122335,2.24244200035173,13222.87000399956,3.059245960502693,0.07733095977177341,0.0004165042716612571,44,72,540,1200,4300,6500,8800,11000,13000,13000,13000
POST,/cin/create/106,533,2,44,1004.7581701444525,11.953569999604952,15456.965043998935,3.028142589118199,0.07399892559848335,0.0002776695144408381,44,77,490,920,3400,6600,9500,11000,15000,15000,15000
POST,/cin/create/107,514,3,43,949.1960693618333,11.146627999551129,14204.849226000078,3.124513618677043,0.07136106521129539,0.0004165042716612571,43,59,290,850,3600,6700,9100,11000,14000,14000,14000
POST,/cin/create/108,507,1,43,893.0140510650998,13.112887998431688,12254.833607999899,3.035502958579882,0.07038922191075246,0.00013883475722041905,43,57,390,760,3000,5700,9500,12000,12000,12000,12000
POST,/cin/create/109,509,1,43,1000.7998377387186,10.631649000060861,14102.558362999844,3.0353634577603144,0.07066689142519329,0.00013883475722041905,43,71,400,770,3900,6700,9400,11000,14000,14000,14000
POST,/cin/create/11,576,5,45,912.3851789530921,10.507981998671312,12127.834326000084,3.0833333333333335,0.07996882015896137,0.0006941737861020952,45,100,680,1100,3200,5100,8500,9300,12000,12000,12000
POST,/cin/create/110,527,3,46,867.0442470797395,9.342125998955453,11139.600938999138,3.062618595825427,0.07316591705516083,0.0004165042716612571,46,73,420,1000,3300,5400,8400,9600,11000,11000,11000
POST,/cin/create/111,536,4,45,1130.0834449048157,14.368623000336811,12907.669741000063,3.1343283582089554,0.0744154298701446,0.0005553390288816762,45,130,650,1300,4000,7400,9900,12000,13000,13000,13000
POST,/cin/create/112,516,1,43,811.6436645736342,12.873812000179896,11954.404497000723,3.0348837209302326,0.07163873472573623,0.00013883475722041905,43,56,290,700,2800,5200,8200,10000,12000,12000,12000
POST,/cin/create/113,505,3,44,835.0506351604396,10.684760000003735,12821.641742999418,3.126732673267327,0.07011155239631162,0.0004165042716612571,44,57,350,980,3100,5200,7300,8900,13000,13000,13000
POST,/cin/create/114,547,4,43,910.5440438299692,9.145388999968418,12356.280906999018,3.093235831809872,0.07594261219956921,0.0005553390288816762,43,82,590,990,3700,5900,8500,9900,12000,12000,12000
POST,/cin/create/115,455,0,46,1107.7410572088309,14.796147999732057,11133.467253001072,3.0,0.06316981453529066,0.0,46,140,810,1400,4300,6700,9200,9900,11000,11000,11000
POST,/cin/create/116,510,1,43,716.2698856705948,13.374993000979885,12728.397733000747,2.9941176470588236,0.07080572618241371,0.00013883475722041905,43,64,330,610,2400,4400,8600,9300,13000,13000,13000
POST,/cin/create/117,536,2,43,1017.9161731492483,11.437670998930116,14094.446443999914,3.0279850746268657,0.0744154298701446,0.0002776695144408381,43,60,360,770,4200,7200,9300,11000,14000,14000,14000
POST,/cin/create/118,548,5,43,921.1255286314083,11.414424001486623,13757.156833000408,3.125912408759124,0.07608144695678963,0.0006941737861020952,43,57,240,710,3600,6400,9000,11000,14000,14000,14000
POST,/cin/create/119,492,2,43,988.4996292499608,15.215756000543479,13183.884160000162,3.0304878048780486,0.06830670055244617,0.0002776695144408381,43,72,450,1200,3800,5900,9000,9800,13000,13000,13000
POST,/cin/create/12,564,3,42,1009.2623019485734,9.439244999157381,14122.238316000221,3.095744680851064,0.07830280307231634,0.0004165042716612571,42,59,380,990,4000,6900,9600,11000,14000,14000,14000
POST,/cin/create/120,541,2,44,992.1261940185182,13.776093001069967,11980.68591899937,3.0277264325323476,0.0751096036562467,0.0002776695144408381,44,77,490,950,3700,6500,9200,11000,12000,12000,12000
POST,/cin/create/121,529,1,42,925.2282830642328,11.362686000211397,12670.89066400149,3.0340264650283553,0.07344358656960168,0.00013883475722041905,42,60,330,760,3300,5400,11000,12000,13000,13000,13000
POST,/cin/create/122,536,2,44,1062.4915334608513,14.524672000334249,14168.84532199947,3.0279850746268657,0.0744154298701446,0.0002776695144408381,44,72,650,1200,4100,7000,9200,11000,14000,14000,14000
POST,/cin/create/123,520,2,44,1064.6345610519138,13.318314999196446,13964.617903000544,3.0692307692307694,0.07219407375461791,0.0002776695144408381,44,110,710,1300,3600,7500,9100,10000,14000,14000,14000
POST,/cin/create/124,544,4,43,867.2765575900531,12.091491998944548,16863.130763998925,3.09375,0.07552610792790795,0.0005553390288816762,43,61,360,780,2800,5400,8900,10000,17000,17000,17000
POST,/cin/create/125,504,1,44,1059.3197644761572,15.437005000421777,11900.340435000544,3.0357142857142856,0.0699727176390912,0.00013883475722041905,44,83,650,1300,4100,6900,9500,10000,12000,12000,12000
POST,/cin/create/126,526,3,45,1049.8024533212852,13.687598000615253,13080.993621999369,3.1216730038022815,0.07302708229794042,0.0004165042716612571,46,86,540,1200,3900,6500,9300,11000,13000,13000,13000
POST,/cin/create/127,512,2,43,959.2034251640181,14.62665399958496,13102.521647000685,3.0703125,0.07108339569685455,0.0002776695144408381,43,70,720,1200,3400,5900,8900,9200,13000,13000,13000
POST,/cin/create/128,519,1,45,1118.4352103930314,13.301529999807826,15543.44222600048,3.0539499036608864,0.07205523899739748,0.00013883475722041905,45,150,720,1500,4000,7300,9800,11000,16000,16000,16000
POST,/cin/create/129,536,3,44,886.3364654477864,11.327353000524454,13842.149887001142,3.0223880597014925,0.0744154298701446,0.0004165042716612571,44,76,480,1000,3000,5200,7900,11000,14000,14000,14000
POST,/cin/create/13,525,4,42,1102.4498542285874,10.698809999666992,14078.421186999549,3.137142857142857,0.07288824754072,0.0005553390288816762,42,63,580,960,4500,7200,10000,11000,14000,14000,14000
POST,/cin/create/130,571,5,46,1031.7849046287392,10.44579199879081,13725.646684000822,3.0472854640980738,0.07927464637285928,0.0006941737861020952,46,93,650,1300,3800,6000,9100,9800,14000,14000,14000
POST,/cin/create/131,505,2,46,1033.1808775742631,9.50384300085716,14329.003957998793,3.0297029702970297,0.07011155239631162,0.0002776695144408381,46,120,620,1200,3900,6600,9100,9700,14000,14000,14000
POST,/cin/create/132,527,1,43,1039.8747360265936,9.41980099923967,14041.953813999498,3.03415559772296,0.07316591705516083,0.00013883475722041905,43,59,340,670,3500,7600,11000,12000,14000,14000,14000
POST,/cin/create/133,542,4,45,1082.2071819225184,1.537014999485109,14077.091457998904,3.055350553505535,0.07524843841346712,0.0005553390288816762,45,80,700,1300,3900,6500,11000,12000,14000,14000,14000
POST,/cin/create/134,526,4,44,1034.4172781120822,14.000097999087302,13067.936267998448,3.076045627376426,0.07302708229794042,0.0005553390288816762,45,96,710,1100,3800,6400,9900,11000,13000,13000,13000
POST,/cin/create/135,497,6,44,1010.4209651971942,11.389000001145178,13588.863220998974,3.1951710261569417,0.06900087433854826,0.0008330085433225142,44,74,600,970,3200,7300,9400,12000,14000,14000,14000
POST,/cin/create/136,480,2,42,843.396519435489,2.2203130001798854,10620.806344000812,3.03125,0.06664068346580114,0.0002776695144408381,43,60,450,960,2800,5400,8400,10000,11000,11000,11000
POST,/cin/create/137,541,3,45,910.9721265101941,10.614169999826117,12765.53426800092,3.099815157116451,0.0751096036562467,0.0004165042716612571,45,78,590,920,2600,6000,8900,12000,13000,13000,13000
POST,/cin/create/138,561,4,46,1159.255799443847,9.80040799913695,13441.808560999561,3.10873440285205,0.07788629880065508,0.0005553390288816762,46,150,710,1500,3900,7900,10000,11000,13000,13000,13000
POST,/cin/create/139,529,2,43,795.5794954688072,5.893348999961745,12509.902375999445,3.068052930056711,0.07344358656960168,0.0002776695144408381,43,56,260,670,2600,5200,8900,11000,13000,13000,13000
POST,/cin/create/14,524,1,42,803.8153902366381,15.878131000135909,11145.864587000688,2.9942748091603053,0.07274941278349958,0.00013883475722041905,42,59,260,610,3200,5400,8900,9500,11000,11000,11000
POST,/cin/create/140,548,4,43,1035.6309363594871,11.341273000653018,17513.107946000673,3.1295620437956204,0.07608144695678963,0.0005553390288816762,43,61,620,1000,3800,6200,10000,12000,18000,18000,18000
POST,/cin/create/141,542,0,43,954.1895373228789,14.300826000180678,12385.924689000603,3.0,0.07524843841346712,0.0,43,63,430,810,3200,6600,9700,11000,12000,12000,12000
POST,/cin/create/142,534,1,45,1109.226751795892,14.21714800017071,14056.560547000117,2.99438202247191,0.07413776035570377,0.00013883475722041905,45,74,780,1700,4100,6500,9500,10000,14000,14000,14000
POST,/cin/create/143,519,3,42,816.7162232100052,9.233193000909523,13625.388083999496,3.1040462427745665,0.07205523899739748,0.0004165042716612571,42,60,340,740,2300,5500,9100,11000,14000,14000,14000
POST,/cin/create/144,519,4,43,1095.5305567167745,11.705101998813916,38788.047637001,3.098265895953757,0.07205523899739748,0.0005553390288816762,43,89,590,1100,4000,6900,9300,11000,39000,39000,39000
POST,/cin/create/145,518,3,45,928.332906945982,11.048559999835561,13002.16385100066,3.063706563706564,0.07191640424017706,0.0004165042716612571,45,62,460,820,3400,6700,8600,9300,13000,13000,13000
POST,/cin/create/146,532,1,44,1092.3926819811822,13.783329000943922,13421.412893001616,3.0338345864661656,0.07386009084126294,0.00013883475722041905,44,75,700,1500,3800,6800,11000,13000,13000,13000,13000
POST,/cin/create/147,518,3,43,954.7601192412857,12.697558000581921,39372.63522600006,3.1042471042471043,0.07191640424017706,0.0004165042716612571,43,58,330,800,3300,6400,9500,12000,39000,39000,39000
POST,/cin/create/148,516,4,44,993.1728764845167,5.401218999395496,11664.305305001108,3.058139534883721,0.07163873472573623,0.0005553390288816762,44,65,470,1200,3600,7100,9000,10000,12000,12000,12000
POST,/cin/create/149,524,3,46,1080.2928943510976,9.889535000183969,12977.37269100071,3.1030534351145036,0.07274941278349958,0.0004165042716612571,46,99,540,1200,3900,7300,9700,11000,13000,13000,13000
POST,/cin/create/15,512,0,43,981.8776562831549,13.612349999675644,13056.947834000312,3.0,0.07108339569685455,0.0,43,66,350,850,4000,6100,8500,11000,13000,13000,13000
POST,/cin/create/150,559,2,44,1032.9549484185864,9.736489999340847,13309.954648999337,3.026833631484794,0.07760862928621425,0.0002776695144408381,44,70,640,1100,3500,6700,9500,11000,13000,13000,13000
POST,/cin/create/151,529,1,45,1083.7362491228603,14.285556000686483,13825.039142000605,2.9943289224952743,0.07344358656960168,0.00013883475722041905,45,89,660,1400,4000,6200,10000,12000,14000,14000,14000
POST,/cin/create/152,535,3,43,971.1755615195877,11.0304139998334,32791.17220700027,3.061682242990654,0.07427659511292418,0.0004165042716612571,43,58,390,820,3200,7000,9500,11000,33000,33000,33000
POST,/cin/create/153,537,5,44,958.3369488789133,9.39481899877137,13248.64136100041,3.089385474860335,0.07455426462736503,0.0006941737861020952,44,81,610,1100,3200,6000,9400,10000,13000,13000,13000
POST,/cin/create/154,550,2,43,967.4740998599868,14.936624000256415,31730.756627999654,3.0272727272727273,0.07635911647123048,0.0002776695144408381,43,72,480,800,3200,6200,9900,12000,32000,32000,32000
POST,/cin/create/155,581,2,46,1025.8769295920563,16.014030999940587,31607.579651999913,3.025817555938038,0.08066299394506346,0.0002776695144408381,46,120,600,1100,3400,6200,9100,10000,32000,32000,32000
POST,/cin/create/156,564,7,42,815.8644571524901,8.884937999027898,11061.901613000373,3.148936170212766,0.07830280307231634,0.0009718433005429333,42,57,220,760,2700,5600,8000,9700,11000,11000,11000
POST,/cin/create/157,517,6,44,902.7649533809874,10.353935998864472,13673.102641001606,3.1682785299806575,0.07177756948295665,0.0008330085433225142,44,86,600,1200,3200,5100,8000,10000,14000,14000,14000
POST,/cin/create/158,537,4,42,999.7235099777249,11.319364999508252,39698.45323899972,3.094972067039106,0.07455426462736503,0.0005553390288816762,42,62,440,970,3400,5800,9000,12000,40000,40000,40000
POST,/cin/create/159,528,3,44,957.7133533958108,12.958473998878617,14727.857215999393,3.022727272727273,0.07330475181238126,0.0004165042716612571,44,62,390,1100,3900,5900,8700,10000,15000,15000,15000
POST,/cin/create/16,518,2,44,1003.5959216775822,13.839859000654542,11714.69802699903,3.028957528957529,0.07191640424017706,0.0002776695144408381,44,120,750,1500,3900,6100,7600,9400,12000,12000,12000
POST,/cin/create/160,514,2,43,1010.595110118668,14.404870998987462,13450.162732000535,2.9883268482490273,0.07136106521129539,0.0002776695144408381,43,72,610,1100,3400,6700,8400,9200,13000,13000,13000
POST,/cin/create/161,540,2,44,1145.4033524944375,14.018565001606476,36192.93346300037,3.085185185185185,0.07497076889902628,0.0002776695144408381,44,77,740,1400,3900,6800,10000,12000,36000,36000,36000
POST,/cin/create/162,524,3,46,976.2282095210053,13.215106000643573,12886.08674599891,3.0229007633587788,0.07274941278349958,0.0004165042716612571,46,75,450,930,3600,6200,8700,10000,13000,13000,13000
POST,/cin/create/163,533,3,43,818.3998373808695,10.683287000574637,11931.659398000193,3.0619136960600377,0.07399892559848335,0.0004165042716612571,43,110,510,880,3200,4700,7500,8900,12000,12000,12000
POST,/cin/create/164,539,3,44,1071.6166088904783,13.669263998963288,13286.911531000442,3.061224489795918,0.07483193414180586,0.0004165042716612571,44,79,640,1200,3800,7400,9600,12000,13000,13000,13000
POST,/cin/create/165,535,1,45,1004.6367896878535,13.243872999737505,15364.740846000132,3.052336448598131,0.07427659511292418,0.00013883475722041905,45,64,490,890,4000,6200,9200,11000,15000,15000,15000
POST,/cin/create/166,539,0,45,1037.004853994464,14.411050000489922,12471.97709899956,3.0,0.07483193414180586,0.0,45,80,640,1300,3800,6500,9300,12000,12000,12000,12000
POST,/cin/create/167,523,5,44,833.14155673041,1.5765600001031999,30498.15286699959,3.1510516252390057,0.07261057802627915,0.0006941737861020952,44,72,550,850,2700,4600,7700,10000,30000,30000,30000
POST,/cin/create/168,549,5,45,987.6119425282928,11.891464000655105,12840.3586860004,3.1256830601092895,0.07622028171401006,0.0006941737861020952,45,73,600,1000,3700,6200,10000,12000,13000,13000,13000
POST,/cin/create/169,546,4,45,931.1935457344108,13.370353999562212,16041.45261800113,3.0934065934065935,0.0758037774423488,0.0005553390288816762,45,90,630,1000,3200,5900,7900,9900,16000,16000,16000
POST,/cin/create/17,526,2,44,951.1087361939306,13.395227000728482,12587.32756399877,2.988593155893536,0.07302708229794042,0.0002776695144408381,44,66,570,1100,3400,6100,8000,9500,13000,13000,13000
POST,/cin/create/170,542,5,44,1078.6065165829864,9.309486998972716,36107.5526859986,3.1273062730627306,0.07524843841346712,0.0006941737861020952,44,110,600,1200,3500,6400,9600,12000,36000,36000,36000
POST,/cin/create/171,547,4,43,938.4141160438628,4.9584240005060565,13660.951406000095,3.093235831809872,0.07594261219956921,0.0005553390288816762,43,70,490,990,3500,6300,8600,9100,14000,14000,14000
POST,/cin/create/172,562,2,46,983.4496824555134,14.061177998883068,13778.375153000525,3.026690391459075,0.0780251335578755,0.0002776695144408381,46,92,540,1100,3400,6200,9200,11000,14000,14000,14000
POST,/cin/create/173,533,4,44,951.5299205985262,13.945036000222899,13682.1072799994,3.0562851782363976,0.07399892559848335,0.0005553390288816762,44,70,570,1000,3500,5900,8700,11000,14000,14000,14000
POST,/cin/create/174,519,1,43,999.3952688824701,14.082470999710495,13885.806940999828,3.0346820809248554,0.07205523899739748,0.00013883475722041905,43,60,380,1000,3900,6200,10000,12000,14000,14000,14000
POST,/cin/create/175,517,5,43,902.5573591431281,4.740098999718612,13285.88400300032,3.09284332688588,0.07177756948295665,0.0006941737861020952,43,71,300,810,3500,5500,9300,9700,13000,13000,13000
POST,/cin/create/176,536,3,42,885.7792290037447,13.472414000716526,15572.154698000304,3.1007462686567164,0.0744154298701446,0.0004165042716612571,42,61,380,850,3200,6000,9200,11000,16000,16000,16000
POST,/cin/create/177,563,6,45,893.7543196714238,9.793427001568489,14281.081840999832,3.1900532859680286,0.07816396831509592,0.0008330085433225142,45,89,430,910,2700,5700,8700,11000,14000,14000,14000
POST,/cin/create/178,506,7,43,1182.5709176304451,4.8789810007292544,13137.755867001033,3.124505928853755,0.07025038715353203,0.0009718433005429333,44,90,710,1600,4600,6800,9800,11000,13000,13000,13000
POST,/cin/create/179,534,4,44,1119.8609747884207,11.078440000346745,12664.697862999674,3.114232209737828,0.07413776035570377,0.0005553390288816762,44,100,620,1500,4100,7700,9900,12000,13000,13000,13000
POST,/cin/create/18,570,2,44,937.2356059034802,12.743306000629673,13604.969499998333,2.9894736842105263,0.07913581161563886,0.0002776695144408381,44,69,480,940,3500,5700,8900,11000,14000,14000,14000
POST,/cin/create/180,530,1,44,1149.359743937728,7.761292999930447,15143.012182001257,3.0339622641509436,0.07358242132682209,0.00013883475722041905,44,98,610,1300,4700,6800,9800,12000,15000,15000,15000
POST,/cin/create/181,502,4,44,932.8264271932413,1.2577819998114137,12533.964977999858,3.0597609561752988,0.06969504812465036,0.0005553390288816762,44,68,370,840,3500,6200,8700,10000,13000,13000,13000
POST,/cin/create/182,591,2,44,1029.6024109847863,10.806357000546996,12890.028652998808,3.0609137055837565,0.08205134151726766,0.0002776695144408381,44,68,500,1100,3600,6700,9700,12000,13000,13000,13000
POST,/cin/create/183,543,0,47,996.1414351197269,13.94348599933437,14128.417166000872,3.0,0.07538727317068754,0.0,47,120,700,1200,3300,6100,9300,10000,14000,14000,14000
POST,/cin/create/184,512,0,45,1079.0834367577859,13.71844800087274,15473.54701599943,3.0,0.07108339569685455,0.0,45,97,630,1200,4300,6800,8600,11000,15000,15000,15000
POST,/cin/create/185,505,1,45,1118.9640875406533,9.589519000655855,13208.946999000545,3.0356435643564357,0.07011155239631162,0.00013883475722041905,45,86,760,1500,4200,7100,9500,11000,13000,13000,13000
POST,/cin/create/186,531,3,44,957.758335706258,14.501554000162287,13514.531460999933,3.062146892655367,0.07372125608404251,0.0004165042716612571,44,61,350,900,3200,6800,9600,11000,14000,14000,14000
POST,/cin/create/187,511,3,44,1001.9106466086469,11.201584000446019,15858.378513999924,3.1056751467710373,0.07094456093963412,0.0004165042716612571,44,66,490,1100,3400,6700,10000,12000,16000,16000,16000
POST,/cin/create/188,571,6,44,967.5514059965229,8.042978999583283,14628.287555000497,3.0052539404553413,0.07927464637285928,0.0008330085433225142,44,86,510,990,3600,6300,8900,9900,15000,15000,15000
POST,/cin/create/189,520,3,44,1101.1617719673072,9.375023999382393,16891.61813499959,3.0634615384615387,0.07219407375461791,0.0004165042716612571,44,88,620,1200,4000,7900,10000,12000,17000,17000,17000
POST,/cin/create/19,579,3,45,931.4473171778659,11.91373799883877,14383.068606999586,3.0207253886010363,0.08038532443062263,0.0004165042716612571,45,100,560,1100,3300,5400,8900,10000,14000,14000,14000
POST,/cin/create/190,531,3,43,1016.4354323427219,12.777537000147277,12844.907382999736,3.022598870056497,0.07372125608404251,0.0004165042716612571,43,72,590,1200,3800,6400,9000,10000,13000,13000,13000
POST,/cin/create/191,545,2,43,928.6464519229639,10.907480000241776,12887.037043999953,3.0660550458715594,0.07566494268512838,0.0002776695144408381,43,57,290,680,3200,7000,9900,11000,13000,13000,13000
POST,/cin/create/192,550,4,44,1048.5393170872983,11.686010000630631,13441.137459998572,3.0545454545454547,0.07635911647123048,0.0005553390288816762,44,80,620,1200,3600,7000,9000,10000,13000,13000,13000
POST,/cin/create/193,491,3,44,854.5685746924225,10.510109999813722,12867.783991001488,3.0672097759674135,0.06816786579522575,0.0004165042716612571,44,66,390,740,3300,5300,8500,12000,13000,13000,13000
POST,/cin/create/194,546,5,43,1008.1075004156992,9.24360699900717,14251.21296799989,3.1648351648351647,0.0758037774423488,0.0006941737861020952,43,61,440,1100,3900,6700,9100,11000,14000,14000,14000
POST,/cin/create/195,544,3,44,1063.3184851599187,10.494066000319435,12785.70424299869,3.099264705882353,0.07552610792790795,0.0004165042716612571,45,100,870,1400,3600,7100,9100,10000,13000,13000,13000
POST,/cin/create/196,564,5,45,804.9245874166505,10.362946999521228,12847.604470998704,3.047872340425532,0.07830280307231634,0.0006941737861020952,45,110,500,770,2800,4900,8300,10000,13000,13000,13000
POST,/cin/create/197,492,4,45,1028.1314215101986,14.218121999874711,13171.836912999424,3.0813008130081303,0.06830670055244617,0.0005553390288816762,45,94,650,1200,3700,6700,9000,12000,13000,13000,13000
POST,/cin/create/198,551,1,43,947.2088906352454,12.23818700054835,36117.021461999684,3.0326678765880217,0.07649795122845089,0.00013883475722041905,43,64,410,880,3500,5200,8700,10000,36000,36000,36000
POST,/cin/create/199,524,2,43,891.8223133702086,13.732985000387998,14189.038079999591,3.0286259541984735,0.07274941278349958,0.0002776695144408381,43,67,520,990,2800,5500,9300,11000,14000,14000,14000
POST,/cin/create/2,479,2,43,842.7188813486435,9.89029900119931,11816.320021998763,3.0751565762004174,0.06650184870858072,0.0002776695144408381,43,65,400,730,2800,5400,9300,10000,12000,12000,12000
POST,/cin/create/20,567,3,45,1038.4079709524494,14.149291999274283,12400.642484000855,3.0211640211640214,0.0787193073439776,0.0004165042716612571,45,110,840,1300,3400,6300,9200,9700,12000,12000,12000
POST,/cin/create/200,495,2,42,932.1252624585408,8.693493000464514,12265.98162299888,3.0727272727272728,0.06872320482410743,0.0002776695144408381,42,72,470,1100,3100,6700,9700,11000,12000,12000,12000
POST,/cin/create/201,544,2,44,1012.0257108547269,14.213468999514589,13079.751762001251,2.988970588235294,0.07552610792790795,0.0002776695144408381,44,73,670,1300,3500,5900,9000,12000,13000,13000,13000
POST,/cin/create/202,555,3,45,1121.107734598114,13.871268000002601,16600.384182000198,3.0594594594594593,0.07705329025733257,0.0004165042716612571,45,100,690,1400,4300,6500,9900,12000,17000,17000,17000
POST,/cin/create/203,553,1,43,873.8868616166035,14.733452000655234,11731.431468000665,3.0325497287522603,0.07677562074289174,0.00013883475722041905,43,67,310,750,3400,5900,8500,9500,12000,12000,12000
POST,/cin/create/204,553,3,43,1088.4069897323907,14.611652000894537,13101.722989000336,3.097649186256781,0.07677562074289174,0.0004165042716612571,43,64,750,1400,4200,6800,9300,11000,13000,13000,13000
POST,/cin/create/205,545,2,44,963.5590632073397,11.07842799865466,12137.015068999972,3.0660550458715594,0.07566494268512838,0.0002776695144408381,44,160,690,1400,3500,5800,7800,8900,12000,12000,12000
POST,/cin/create/206,505,2,44,824.1341033207794,13.924386001235689,12438.559098998667,2.988118811881188,0.07011155239631162,0.0002776695144408381,44,67,400,980,2800,4800,8100,9900,12000,12000,12000
POST,/cin/create/207,549,6,46,1209.4596985610497,8.480303999021999,12134.336936000182,3.081967213114754,0.07622028171401006,0.0008330085433225142,46,330,1000,1800,4400,7400,9700,11000,12000,12000,12000
POST,/cin/create/208,536,5,45,1068.61921166226,10.296491998815327,14244.076532999316,3.128731343283582,0.0744154298701446,0.0006941737861020952,46,110,720,1300,3800,6800,9000,12000,14000,14000,14000
POST,/cin/create/209,512,4,45,1074.762162712917,13.508092999472865,14149.316515000464,3.09765625,0.07108339569685455,0.0005553390288816762,45,110,620,1200,3700,6500,11000,13000,14000,14000,14000
POST,/cin/create/21,531,3,43,941.7847115292342,2.1680150002794107,12766.230172999713,3.062146892655367,0.07372125608404251,0.0004165042716612571,43,78,530,990,3400,6000,8100,11000,13000,13000,13000
POST,/cin/create/210,544,1,43,1020.4684431672695,14.35795399993367,35929.22815700149,3.0330882352941178,0.07552610792790795,0.00013883475722041905,43,60,390,870,3900,7100,9500,11000,36000,36000,36000
POST,/cin/create/211,525,3,42,944.724484769486,11.999369999102782,13102.669001000322,3.0628571428571427,0.07288824754072,0.0004165042716612571,42,57,330,920,3300,6500,9500,11000,13000,13000,13000
POST,/cin/create/212,527,1,46,1097.7899166831094,11.596480000662268,37731.02319799909,3.03415559772296,0.07316591705516083,0.00013883475722041905,46,220,720,1100,4200,6300,9000,10000,38000,38000,38000
POST,/cin/create/213,517,4,46,934.5072262650308,10.3557530001126,12820.76692499868,3.117988394584139,0.07177756948295665,0.0005553390288816762,46,110,620,1000,3100,5400,9100,11000,13000,13000,13000
POST,/cin/create/214,523,3,44,1057.8523324531834,9.65131900011329,17058.386890001202,3.063097514340344,0.07261057802627915,0.0004165042716612571,44,75,580,1200,3900,6700,9100,11000,17000,17000,17000
POST,/cin/create/215,547,3,45,1014.1811042321791,12.40102100018703,12475.311251999301,3.060329067641682,0.07594261219956921,0.0004165042716612571,45,88,600,1200,3700,6500,9300,9800,12000,12000,12000
POST,/cin/create/216,549,1,44,1003.3603402514035,13.626596999529283,13810.95936299971,3.0327868852459017,0.07622028171401006,0.00013883475722041905,44,76,560,1200,3900,6000,8900,10000,14000,14000,14000
POST,/cin/create/217,566,1,44,1044.841491685498,11.663262999718427,13174.523969999427,3.0318021201413425,0.07858047258675718,0.00013883475722041905,44,89,580,1100,3700,6500,9000,12000,13000,13000,13000
POST,/cin/create/218,533,3,43,1154.6115013846154,9.188554000502336,39745.129086000816,3.0619136960600377,0.07399892559848335,0.0004165042716612571,43,71,400,1000,4600,7400,9600,11000,40000,40000,40000
POST,/cin/create/219,529,2,42,893.6582526465494,1.003327999569592,12820.21689099929,3.0283553875236295,0.07344358656960168,0.0002776695144408381,42,56,290,810,2800,6300,9800,12000,13000,13000,13000
POST,/cin/create/22,514,3,46,1118.9878549533335,9.731563999594073,16848.63449399927,3.0642023346303504,0.07136106521129539,0.0004165042716612571,46,85,490,1100,4200,7500,10000,12000,17000,17000,17000
POST,/cin/create/220,511,6,43,1155.592869665366,10.237186999802361,14045.784036999976,3.1702544031311155,0.07094456093963412,0.0008330085433225142,43,91,660,1500,4400,7500,9600,11000,14000,14000,14000
POST,/cin/create/221,553,5,45,1070.0578421029943,13.765157000307227,36526.419093001095,3.0108499095840866,0.07677562074289174,0.0006941737861020952,45,98,540,1200,3700,6200,9400,12000,37000,37000,37000
POST,/cin/create/222,524,4,45,1158.9218853186965,12.118243999793776,15197.63796999905,3.0572519083969465,0.07274941278349958,0.0005553390288816762,45,100,750,1500,4100,6600,11000,12000,15000,15000,15000
POST,/cin/create/223,496,2,43,848.566639580627,14.332235999972909,15121.995028999663,3.0725806451612905,0.06886203958132785,0.0002776695144408381,44,72,380,710,3000,5800,8000,10000,15000,15000,15000
POST,/cin/create/224,551,3,46,1012.4853508420696,14.505462000670377,13258.0287890014,3.0217785843920146,0.07649795122845089,0.0004165042716612571,46,88,660,1100,3700,6000,9100,12000,13000,13000,13000
POST,/cin/create/225,535,2,44,955.6313041887607,12.939464000737644,12578.303534999577,3.02803738317757,0.07427659511292418,0.0002776695144408381,44,100,630,1100,3100,6300,9200,10000,13000,13000,13000
POST,/cin/create/226,537,3,43,1147.3245881694531,9.829067001192016,36512.500445000114,3.100558659217877,0.07455426462736503,0.0004165042716612571,43,120,820,1200,3900,6700,9500,10000,37000,37000,37000
POST,/cin/create/227,539,2,46,1038.8186506976365,9.675634999439353,15096.86784800033,3.066790352504638,0.07483193414180586,0.0002776695144408381,46,74,540,1000,3500,7500,11000,12000,15000,15000,15000
POST,/cin/create/228,552,1,45,1193.529645065173,12.387167998895166,12206.39434899931,2.994565217391304,0.07663678598567131,0.00013883475722041905,45,130,880,1500,4700,7700,9400,9800,12000,12000,12000
POST,/cin/create/229,547,2,44,959.3885103583709,15.20026899925142,14914.923234000526,3.0274223034734917,0.07594261219956921,0.0002776695144408381,44,63,440,1000,3400,5900,9800,12000,15000,15000,15000
POST,/cin/create/23,563,4,45,890.7458530585949,6.721993999235565,13841.189820001091,3.0905861456483126,0.07816396831509592,0.0005553390288816762,45,77,430,700,3100,5600,8800,11000,14000,14000,14000
POST,/cin/create/230,558,5,43,867.3651755573788,9.422347000509035,12064.914418000626,3.1236559139784945,0.07746979452899383,0.0006941737861020952,43,63,370,690,3200,5400,8800,11000,12000,12000,12000
POST,/cin/create/231,505,0,45,999.8834313584183,13.458375000482192,13809.388133000539,3.0,0.07011155239631162,0.0,45,64,540,1200,3700,6100,9200,11000,14000,14000,14000
POST,/cin/create/232,529,3,43,827.2818987730969,9.605600000213599,11835.062500000276,3.022684310018904,0.07344358656960168,0.0004165042716612571,43,54,210,700,3100,5700,8700,10000,12000,12000,12000
POST,/cin/create/233,573,3,43,993.5391919616318,11.922149000383797,12536.61727600047,3.020942408376963,0.0795523158873001,0.0004165042716612571,43,65,390,850,3500,6800,9400,11000,13000,13000,13000
POST,/cin/create/234,517,3,45,912.9303077370143,10.530801000641077,11653.901906000101,3.0638297872340425,0.07177756948295665,0.0004165042716612571,45,77,490,810,3500,6400,8100,8600,12000,12000,12000
POST,/cin/create/235,530,5,45,1023.2622452660266,14.26588200047263,13921.135300999595,3.1490566037735848,0.07358242132682209,0.0006941737861020952,45,88,540,1100,4100,6500,9600,11000,14000,14000,14000
POST,/cin/create/236,543,2,43,1093.8021891675805,11.439518000770477,13374.161121000725,3.027624309392265,0.07538727317068754,0.0002776695144408381,43,95,580,1300,4100,7000,9200,12000,13000,13000,13000
POST,/cin/create/237,538,3,44,970.6318712360676,14.02397800120525,13282.960328000627,2.983271375464684,0.07469309938458545,0.0004165042716612571,44,86,580,1000,3200,5600,10000,12000,13000,13000,13000
POST,/cin/create/238,569,2,44,963.5197185588991,10.461814999871422,13234.735808999176,3.0263620386643235,0.07899697685841843,0.0002776695144408381,44,76,490,970,3800,6300,8900,11000,13000,13000,13000
POST,/cin/create/239,556,1,44,1031.3780301816082,13.797419000184163,16540.100546999383,3.0323741007194243,0.07719212501455298,0.00013883475722041905,45,77,550,1100,3600,6100,11000,12000,17000,17000,17000
POST,/cin/create/24,528,3,43,1008.3901707519063,12.27979699979187,13131.025377000697,3.022727272727273,0.07330475181238126,0.0004165042716612571,43,67,470,1100,3700,6900,9100,10000,13000,13000,13000
POST,/cin/create/240,536,3,44,1044.7672571529845,13.92150399988168,15539.62061600032,3.0223880597014925,0.0744154298701446,0.0004165042716612571,44,68,540,960,3800,6400,12000,13000,16000,16000,16000
POST,/cin/create/241,527,3,44,909.9804985256312,10.283026998877176,36053.80659599905,3.1024667931688805,0.07316591705516083,0.0004165042716612571,44,61,400,770,3300,5500,8200,11000,36000,36000,36000
POST,/cin/create/242,477,5,44,938.8510637002179,10.28095400033635,13369.655920998412,3.209643605870021,0.06622417919413988,0.0006941737861020952,44,73,470,1100,3600,5900,8700,10000,13000,13000,13000
POST,/cin/create/243,530,6,44,966.1529360245146,13.32107499911217,13803.250294000463,3.0452830188679245,0.07358242132682209,0.0008330085433225142,44,73,430,940,3700,6000,9100,12000,14000,14000,14000
POST,/cin/create/244,561,2,44,1278.409603445648,12.82631600042805,30396.207695001067,3.0819964349376114,0.07788629880065508,0.0002776695144408381,44,90,710,1400,4600,8300,11000,12000,30000,30000,30000
POST,/cin/create/245,552,2,43,866.4084076540262,14.92289899942989,15562.21575500058,3.045289855072464,0.07663678598567131,0.0002776695144408381,44,64,290,580,2600,6200,9200,11000,16000,16000,16000
POST,/cin/create/246,542,2,44,897.8224417085139,14.588669000659138,15086.329329000364,2.988929889298893,0.07524843841346712,0.0002776695144408381,44,70,400,780,3400,5900,7700,10000,15000,15000,15000
POST,/cin/create/247,534,4,43,946.5395853801638,10.663814000508864,13213.86989200073,3.095505617977528,0.07413776035570377,0.0005553390288816762,44,64,300,780,3300,6100,9400,12000,13000,13000,13000
POST,/cin/create/248,537,3,45,1040.9640110279136,15.674086000217358,14389.626561000114,3.080074487895717,0.07455426462736503,0.0004165042716612571,45,70,520,1000,4100,6600,9700,12000,14000,14000,14000
POST,/cin/create/249,536,1,45,961.2464092966718,13.103053999657277,12684.948166999675,3.033582089552239,0.0744154298701446,0.00013883475722041905,45,80,600,1100,3800,6100,9200,9900,13000,13000,13000
POST,/cin/create/25,532,8,45,1055.5814864060048,12.748325001666672,12274.312236000696,3.268796992481203,0.07386009084126294,0.0011106780577633524,45,86,600,1200,3900,6800,9300,11000,12000,12000,12000
POST,/cin/create/250,540,3,44,1061.534545768595,12.878405999799725,13006.769933999749,3.061111111111111,0.07497076889902628,0.0004165042716612571,44,110,620,1100,3900,7000,11000,12000,13000,13000,13000
POST,/cin/create/251,569,1,44,1085.6049707241057,11.306899001283455,35954.3617470008,3.031634446397188,0.07899697685841843,0.00013883475722041905,44,120,730,1200,4000,6900,9000,11000,36000,36000,36000
POST,/cin/create/252,551,2,43,983.2552792032785,11.745829000574304,13412.928077001197,3.0834845735027225,0.07649795122845089,0.0002776695144408381,43,69,620,1100,3500,5900,9200,11000,13000,13000,13000
POST,/cin/create/253,497,0,43,949.3080354044267,14.530743999785045,13493.241363999914,3.0,0.06900087433854826,0.0,43,60,350,1200,3800,6000,9000,12000,13000,13000,13000
POST,/cin/create/254,543,7,44,1079.297462237579,10.150512998734484,31687.374404000366,3.0773480662983426,0.07538727317068754,0.0009718433005429333,44,76,550,1200,3600,6800,9700,11000,32000,32000,32000
POST,/cin/create/255,553,1,44,979.8359787630917,12.045216000842629,12205.911856999592,3.0325497287522603,0.07677562074289174,0.00013883475722041905,44,110,560,1000,4000,6000,8400,9700,12000,12000,12000
POST,/cin/create/256,513,2,44,970.3439194483801,6.272438000451075,15017.813997999838,2.9883040935672516,0.07122223045407497,0.0002776695144408381,44,72,620,1200,3100,5500,9200,12000,15000,15000,15000
POST,/cin/create/257,500,0,44,1067.8137016859637,13.176579999708338,13166.870336999636,3.0,0.06941737861020952,0.0,44,72,520,930,4100,7400,9600,11000,13000,13000,13000
POST,/cin/create/258,581,3,44,963.2961812186117,2.22116199984157,13038.559987999179,3.0567986230636834,0.08066299394506346,0.0004165042716612571,44,71,430,990,3500,6700,9500,11000,13000,13000,13000
POST,/cin/create/259,515,2,43,925.2398701689393,12.590954000188503,11434.246488999634,3.029126213592233,0.0714998999685158,0.0002776695144408381,43,72,470,990,3700,6100,8600,9400,11000,11000,11000
POST,/cin/create/26,525,4,46,1048.088049495226,10.392067000793759,30514.278773000115,3.097142857142857,0.07288824754072,0.0005553390288816762,46,170,720,1300,3600,6200,8500,11000,31000,31000,31000
POST,/cin/create/260,526,5,43,950.5487116045927,13.723846001084894,13828.11138299985,3.0513307984790874,0.07302708229794042,0.0006941737861020952,43,69,430,970,3500,6200,9200,10000,14000,14000,14000
POST,/cin/create/261,538,6,43,1086.0029749628095,7.250855000165757,39791.919194,3.1617100371747213,0.07469309938458545,0.0008330085433225142,43,68,470,1000,3800,6200,11000,13000,40000,40000,40000
POST,/cin/create/262,472,3,44,1087.3035234513,11.95825499962666,12041.704213999765,3.114406779661017,0.06553000540803779,0.0004165042716612571,44,94,650,1500,4400,6600,8800,9700,12000,12000,12000
POST,/cin/create/263,550,1,47,1094.9585316272928,13.272645001052297,14432.558622000215,3.0327272727272727,0.07635911647123048,0.00013883475722041905,47,190,760,1200,4100,7100,10000,11000,14000,14000,14000
POST,/cin/create/264,549,4,43,950.8611501347872,11.043986000004224,13372.951459999967,3.1311475409836067,0.07622028171401006,0.0005553390288816762,43,62,370,830,3600,6300,9900,11000,13000,13000,13000
POST,/cin/create/265,538,3,45,1101.900214648698,4.333504000896937,14058.085460001166,3.0223048327137545,0.07469309938458545,0.0004165042716612571,45,190,760,1500,3400,7500,11000,12000,14000,14000,14000
POST,/cin/create/266,528,2,43,940.1093396590647,14.503238000543206,13414.596959999471,3.028409090909091,0.07330475181238126,0.0002776695144408381,43,64,460,930,3100,6100,9600,12000,13000,13000,13000
POST,/cin/create/267,514,0,43,943.8039293268102,13.982481999846641,13135.029832999862,3.0,0.07136106521129539,0.0,44,77,490,1100,3400,6000,8700,9700,13000,13000,13000
POST,/cin/create/268,533,1,45,1195.8862976285047,13.779433000308927,13483.276060000208,2.9943714821763603,0.07399892559848335,0.00013883475722041905,45,100,920,1600,4600,7300,10000,12000,13000,13000,13000
POST,/cin/create/269,553,3,43,954.0588772224096,11.145247999593266,36478.84307399909,3.0216998191681737,0.07677562074289174,0.0004165042716612571,43,78,480,970,3000,5800,7800,9900,36000,36000,36000
POST,/cin/create/27,548,4,43,899.3668985200298,1.4100700009294087,13130.238735999228,3.091240875912409,0.07608144695678963,0.0005553390288816762,43,71,460,870,2800,5800,9100,10000,13000,13000,13000
POST,/cin/create/270,545,2,44,1054.3572257926803,14.373891999639454,13237.511307999739,3.0275229357798166,0.07566494268512838,0.0002776695144408381,44,130,730,1300,4100,6700,8800,9700,13000,13000,13000
POST,/cin/create/271,504,2,43,942.199311299599,10.622695999700227,13508.000521998838,3.0297619047619047,0.0699727176390912,0.0002776695144408381,43,65,590,970,3300,5500,10000,12000,14000,14000,14000
POST,/cin/create/272,503,1,43,981.5268954990369,13.601631000710768,13035.436619000393,3.0357852882703775,0.06983388288187078,0.00013883475722041905,43,64,290,740,2800,7100,11000,12000,13000,13000,13000
POST,/cin/create/273,496,0,42,1051.3342793064749,13.75793499937572,39815.65368899828,3.0,0.06886203958132785,0.0,42,64,410,1000,3700,7000,9900,12000,40000,40000,40000
POST,/cin/create/274,492,0,42,997.6730687052659,14.105722999374848,14146.781724999528,3.0,0.06830670055244617,0.0,43,58,290,930,3600,7000,9500,11000,14000,14000,14000
POST,/cin/create/275,516,2,44,1080.4129006763371,14.004239999849233,12003.984094999396,3.0290697674418605,0.07163873472573623,0.0002776695144408381,44,77,650,1200,4200,6700,9700,10000,12000,12000,12000
POST,/cin/create/276,517,4,44,1040.2648003132836,9.589408999090665,13155.910622001102,3.0986460348162477,0.07177756948295665,0.0005553390288816762,44,97,550,1100,3800,6900,9100,11000,13000,13000,13000
POST,/cin/create/277,529,5,44,1264.2560856729287,8.815068998956122,39851.92639700108,3.0907372400756143,0.07344358656960168,0.0006941737861020952,44,110,690,1400,4900,7400,10000,12000,40000,40000,40000
POST,/cin/create/278,540,0,45,1206.4810962944507,14.266288999351673,13992.063736001,3.0,0.07497076889902628,0.0,45,130,650,1300,4900,7700,11000,12000,14000,14000,14000
POST,/cin/create/279,546,3,45,998.6828117820112,9.801913000046625,13648.116930999095,3.0604395604395602,0.0758037774423488,0.0004165042716612571,45,120,560,1000,3600,6900,9700,11000,14000,14000,14000
POST,/cin/create/28,531,5,45,963.3241702618338,10.767128000225057,36692.435509999996,3.109227871939736,0.07372125608404251,0.0006941737861020952,45,100,650,1000,3000,5900,8400,9600,37000,37000,37000
POST,/cin/create/280,528,2,44,1071.5575247330107,11.723039999196772,30416.184895999322,3.028409090909091,0.07330475181238126,0.0002776695144408381,44,75,570,920,3900,6400,9600,11000,30000,30000,30000
POST,/cin/create/281,557,3,43,880.3038904883505,14.351648000229034,12521.42392800124,3.096947935368043,0.07733095977177341,0.0004165042716612571,43,65,490,1100,3200,5100,9000,10000,13000,13000,13000
POST,/cin/create/282,561,3,43,955.0691423957295,11.662970999168465,15058.456847998968,3.1140819964349378,0.07788629880065508,0.0004165042716612571,43,68,430,1000,3900,5400,8500,12000,15000,15000,15000
POST,/cin/create/283,527,0,44,802.8188222144029,14.447601000938448,14670.109166998373,3.0,0.07316591705516083,0.0,44,66,300,600,2400,5200,8800,11000,15000,15000,15000
POST,/cin/create/284,553,4,46,1139.6068607178925,13.744572999712545,15157.369603999541,3.0723327305605785,0.07677562074289174,0.0005553390288816762,46,130,740,1300,4300,7600,9100,11000,15000,15000,15000
POST,/cin/create/285,549,3,44,995.6692216922272,12.40119800058892,15123.130248999587,3.021857923497268,0.07622028171401006,0.0004165042716612571,44,97,460,910,3700,6700,9000,12000,15000,15000,15000
POST,/cin/create/286,520,3,44,901.3294322441759,10.61975400079973,12117.05418999918,3.0634615384615387,0.07219407375461791,0.0004165042716612571,44,62,450,970,3000,5900,8800,9400,12000,12000,12000
POST,/cin/create/287,526,5,44,1097.615604600812,9.928727999067632,39485.072662000675,3.171102661596958,0.07302708229794042,0.0006941737861020952,44,64,480,1200,3900,6700,9400,12000,39000,39000,39000
POST,/cin/create/288,498,5,43,900.2225520884163,8.893707999959588,13495.13366499923,3.2008032128514055,0.06913970909576868,0.0006941737861020952,43,72,460,770,2900,5800,8900,11000,13000,13000,13000
POST,/cin/create/289,559,1,42,887.5698721986056,14.184339999701479,13460.489130999122,3.032200357781753,0.07760862928621425,0.00013883475722041905,42,61,390,840,3200,5500,8800,11000,13000,13000,13000
POST,/cin/create/29,524,3,45,1072.6427021603324,12.383944000248448,13669.332297000437,3.062977099236641,0.07274941278349958,0.0004165042716612571,45,160,740,1300,3800,5900,10000,11000,14000,14000,14000
POST,/cin/create/290,590,2,43,882.8380181016702,6.900483000208624,13279.578958999991,3.0610169491525423,0.08191250676004723,0.0002776695144408381,43,56,280,720,3200,5700,9700,11000,13000,13000,13000
POST,/cin/create/291,538,4,45,1098.1366342918243,11.215835000257357,36154.33517600104,3.1524163568773234,0.07469309938458545,0.0005553390288816762,45,110,590,1100,3900,7000,9900,11000,36000,36000,36000
POST,/cin/create/292,528,1,44,1014.6468918920639,13.274279999677674,31717.291415001455,3.034090909090909,0.07330475181238126,0.00013883475722041905,44,65,530,1000,3300,5700,11000,13000,32000,32000,32000
POST,/cin/create/293,506,3,43,1047.3782863853542,14.16078500005824,12894.852661998812,3.0237154150197627,0.07025038715353203,0.0004165042716612571,43,66,710,1300,3900,6800,9200,11000,13000,13000,13000
POST,/cin/create/294,501,3,46,967.8662112834008,8.604714999819407,15434.249161999105,3.1077844311377247,0.06955621336742994,0.0004165042716612571,46,82,400,860,3300,6100,9400,12000,15000,15000,15000
POST,/cin/create/295,553,3,45,1150.0843754105094,10.444733999975142,35960.11256100064,3.097649186256781,0.07677562074289174,0.0004165042716612571,45,78,740,1200,4100,7200,9500,12000,36000,36000,36000
POST,/cin/create/296,528,3,43,1050.393824507549,11.866389000715571,15372.914171000957,3.102272727272727,0.07330475181238126,0.0004165042716612571,44,63,330,1100,4200,7200,9400,10000,15000,15000,15000
POST,/cin/create/297,521,2,44,1018.593277865615,14.04925999850093,36545.875851001256,3.0287907869481767,0.07233290851183832,0.0002776695144408381,44,79,660,1100,3400,6600,9100,9900,37000,37000,37000
POST,/cin/create/298,546,2,42,848.8960321153469,13.264208999316907,14737.862807998681,3.065934065934066,0.0758037774423488,0.0002776695144408381,42,59,320,710,2900,5600,8200,11000,15000,15000,15000
POST,/cin/create/299,552,8,45,1105.0301170887699,7.704624000325566,12238.213983000605,3.1847826086956523,0.07663678598567131,0.0011106780577633524,45,81,700,1300,4300,6700,10000,11000,12000,12000,12000
POST,/cin/create/3,494,0,44,1236.1785834777195,13.802076999127166,14287.132576000658,3.0,0.068584370066887,0.0,44,94,650,1700,4400,8100,10000,12000,14000,14000,14000
POST,/cin/create/30,528,3,45,964.2081685113785,15.077497999300249,12550.57713000133,3.022727272727273,0.07330475181238126,0.0004165042716612571,45,98,740,1400,3200,5600,8600,11000,13000,13000,13000
POST,/cin/create/300,493,4,43,875.7929128722533,10.979015998600516,16959.6669019993,3.1663286004056794,0.06844553530966659,0.0005553390288816762,43,60,320,670,2400,6400,10000,13000,17000,17000,17000
POST,/cin/create/301,525,4,43,912.00619981148,11.24637300017639,11783.594894999624,3.0171428571428573,0.07288824754072,0.0005553390288816762,43,69,510,1100,3200,5800,7800,8900,12000,12000,12000
POST,/cin/create/302,539,1,45,1062.5610043395102,13.680018999366439,12992.170051000357,3.033395176252319,0.07483193414180586,0.00013883475722041905,45,140,780,1300,3900,6600,9200,9600,13000,13000,13000
POST,/cin/create/303,524,3,43,985.1720464083403,9.860109999863198,12398.98895099941,3.1030534351145036,0.07274941278349958,0.0004165042716612571,43,73,720,1100,3600,6500,9000,10000,12000,12000,12000
POST,/cin/create/304,507,1,45,1101.8200484339523,11.887479000506573,13071.392345000277,3.035502958579882,0.07038922191075246,0.00013883475722041905,45,77,500,1100,4200,7200,11000,11000,13000,13000,13000
POST,/cin/create/305,513,1,46,1110.5719185867326,11.563426998691284,12068.69295999968,3.0350877192982457,0.07122223045407497,0.00013883475722041905,46,230,910,1600,3800,7400,9200,9800,12000,12000,12000
POST,/cin/create/306,511,0,44,1038.08320892172,14.087845000176458,32717.098751998492,3.0,0.07094456093963412,0.0,44,94,740,1300,3600,5600,8500,11000,33000,33000,33000
POST,/cin/create/307,562,3,42,814.2459644999774,10.835089000465814,13031.73388200048,3.113879003558719,0.0780251335578755,0.0004165042716612571,43,60,260,630,2600,5400,8800,10000,13000,13000,13000
POST,/cin/create/308,557,5,43,872.790255143639,10.618615000566933,13205.557945999317,3.0861759425493718,0.07733095977177341,0.0006941737861020952,43,58,290,620,3400,5700,8100,12000,13000,13000,13000
POST,/cin/create/309,518,2,44,1025.1356319266301,13.194409000789165,14360.975305000466,3.0694980694980694,0.07191640424017706,0.0002776695144408381,44,110,650,1200,4100,6900,9000,10000,14000,14000,14000
POST,/cin/create/31,571,3,44,1256.334498886114,15.70690399967134,36535.29378900021,3.0577933450087564,0.07927464637285928,0.0004165042716612571,44,96,680,1300,4800,7500,11000,12000,37000,37000,37000
POST,/cin/create/310,563,1,45,1096.1872900639914,15.00845800001116,14700.176045000262,3.0319715808170513,0.07816396831509592,0.00013883475722041905,45,83,640,1300,3900,6500,10000,12000,15000,15000,15000
POST,/cin/create/311,516,3,44,872.8427132809635,8.121955999740749,12150.750218999747,3.063953488372093,0.07163873472573623,0.0004165042716612571,44,74,420,840,2900,6100,8800,9600,12000,12000,12000
POST,/cin/create/312,508,2,45,871.1469778012073,14.451538999310287,12835.398019000422,3.029527559055118,0.07052805666797288,0.0002776695144408381,45,120,600,1100,2800,5300,8000,9900,13000,13000,13000
POST,/cin/create/313,565,1,43,929.3708573752266,10.491156999705709,15487.776927000596,3.031858407079646,0.07844163782953675,0.00013883475722041905,43,64,360,840,3400,6400,8300,12000,15000,15000,15000
POST,/cin/create/314,523,1,44,929.7028909885048,14.374805001352797,12530.068381000092,2.994263862332696,0.07261057802627915,0.00013883475722041905,44,74,490,1100,3100,6600,7800,8500,13000,13000,13000
POST,/cin/create/315,498,2,44,937.6384179497669,13.857508000000962,13923.768897000627,3.112449799196787,0.06913970909576868,0.0002776695144408381,44,66,450,1000,3500,5600,9200,11000,14000,14000,14000
POST,/cin/create/316,512,1,42,787.054175583984,14.33643100062909,12729.510745999505,2.994140625,0.07108339569685455,0.00013883475722041905,42,56,260,710,2300,5600,9400,11000,13000,13000,13000
POST,/cin/create/317,525,1,44,1135.0483811105162,13.737388999288669,13868.455476000236,2.994285714285714,0.07288824754072,0.00013883475722041905,44,94,620,1300,4000,7500,12000,12000,14000,14000,14000
POST,/cin/create/318,532,3,44,938.6784650357363,13.515989998268196,13519.82512199902,3.06203007518797,0.07386009084126294,0.0004165042716612571,44,110,620,1300,3200,5300,9100,10000,14000,14000,14000
POST,/cin/create/319,541,1,44,996.8291677412706,8.086081999863381,15667.530066999461,3.033271719038817,0.0751096036562467,0.00013883475722041905,44,67,480,990,3500,6800,9400,9900,16000,16000,16000
POST,/cin/create/32,523,4,43,1065.7897896921522,9.224387000358547,13490.483230998507,3.1376673040152965,0.07261057802627915,0.0005553390288816762,43,72,600,1000,4200,7300,9600,10000,13000,13000,13000
POST,/cin/create/320,514,2,46,1189.05596665176,8.534852999218856,13654.625885001224,3.029182879377432,0.07136106521129539,0.0002776695144408381,46,130,730,1500,4700,6800,9900,12000,14000,14000,14000
POST,/cin/create/321,541,2,45,976.5728610961075,14.675210000859806,13879.040899999382,3.066543438077634,0.0751096036562467,0.0002776695144408381,45,77,510,1000,3600,6200,8900,11000,14000,14000,14000
POST,/cin/create/322,539,3,44,1074.605671193004,11.668141998598003,13196.382475000064,3.061224489795918,0.07483193414180586,0.0004165042716612571,44,78,520,1000,4300,6700,9700,11000,13000,13000,13000
POST,/cin/create/323,515,3,45,850.1804801339537,10.233504999632714,13511.667533000946,3.0640776699029124,0.0714998999685158,0.0004165042716612571,45,66,480,840,3000,5300,7500,9100,14000,14000,14000
POST,/cin/create/324,528,1,44,1119.814506371231,11.512604000017745,12890.902896000625,3.034090909090909,0.07330475181238126,0.00013883475722041905,44,94,630,1300,4500,6900,11000,12000,13000,13000,13000
POST,/cin/create/325,550,4,43,1105.2157427399636,13.557641999796033,39786.42446500089,3.0163636363636366,0.07635911647123048,0.0005553390288816762,43,72,490,1200,4100,6700,9500,12000,40000,40000,40000
POST,/cin/create/326,555,1,44,971.7916952738827,14.057024000067031,13439.037046999147,2.9945945945945946,0.07705329025733257,0.00013883475722041905,44,82,620,1200,3600,6200,8900,9600,13000,13000,13000
POST,/cin/create/327,522,3,44,1054.7120632203141,14.559803999873111,13237.853763999738,3.082375478927203,0.07247174326905874,0.0004165042716612571,44,69,520,1300,3900,6400,9100,11000,13000,13000,13000
POST,/cin/create/328,508,1,45,1079.6318573248368,13.278462000016589,13435.665163999147,3.0551181102362204,0.07052805666797288,0.00013883475722041905,45,91,630,1400,3400,7500,10000,11000,13000,13000,13000
POST,/cin/create/329,533,4,45,956.9500703658382,9.743770000568475,13963.680912998825,3.1350844277673544,0.07399892559848335,0.0005553390288816762,45,98,440,940,2900,6300,9500,12000,14000,14000,14000
POST,/cin/create/33,582,4,43,974.6701126323543,10.356140999647323,39457.519402998514,3.1237113402061856,0.08080182870228389,0.0005553390288816762,43,64,450,1000,3600,5600,8600,10000,39000,39000,39000
POST,/cin/create/330,527,0,44,880.0902698291638,15.620664000380202,14338.772103001247,3.0,0.07316591705516083,0.0,44,64,300,650,3000,5900,9800,11000,14000,14000,14000
POST,/cin/create/331,511,2,44,996.384182694681,13.184887000534218,14605.824723001206,3.0293542074363993,0.07094456093963412,0.0002776695144408381,44,66,540,950,4200,5800,8400,9300,15000,15000,15000
POST,/cin/create/332,538,2,43,946.225745068754,9.744449000208988,12310.57208600032,3.066914498141264,0.07469309938458545,0.0002776695144408381,43,62,300,830,3600,6500,9200,10000,12000,12000,12000
POST,/cin/create/333,549,0,44,963.1841823879732,13.527898001484573,13257.068413000525,3.0,0.07622028171401006,0.0,44,77,520,1000,3300,6300,9900,11000,13000,13000,13000
POST,/cin/create/334,499,2,46,1024.6356819179157,15.179964999333606,12986.552856000344,3.030060120240481,0.06927854385298911,0.0002776695144408381,46,90,620,1100,3400,7300,10000,12000,13000,13000,13000
POST,/cin/create/335,545,5,46,1087.3729556972705,13.674490999619593,12942.780854000375,3.0495412844036696,0.07566494268512838,0.0006941737861020952,46,120,600,1100,4200,7100,9500,11000,13000,13000,13000
POST,/cin/create/336,523,1,44,1007.3603207227226,9.698383999420912,13045.46155999924,3.0344168260038242,0.07261057802627915,0.00013883475722041905,44,74,500,1000,3600,5500,9800,11000,13000,13000,13000
POST,/cin/create/337,522,3,44,987.3826515191937,5.555265001021326,12815.454634999696,3.103448275862069,0.07247174326905874,0.0004165042716612571,44,71,510,1100,3800,6200,9000,9600,13000,13000,13000
POST,/cin/create/338,514,2,46,1127.3284993930008,9.341517999928328,13401.062971999636,3.0700389105058368,0.07136106521129539,0.0002776695144408381,46,170,780,1500,4200,7100,11000,11000,13000,13000,13000
POST,/cin/create/339,567,5,45,978.4510051164385,1.3988569990033284,12650.398448000487,3.1022927689594355,0.0787193073439776,0.0006941737861020952,45,91,600,940,3600,6500,9600,11000,13000,13000,13000
POST,/cin/create/34,518,1,44,1030.1769536274253,13.977067999803694,15108.77938199883,3.054054054054054,0.07191640424017706,0.00013883475722041905,44,65,400,830,4100,7300,9900,12000,15000,15000,15000
POST,/cin/create/340,558,2,44,1261.3095202473187,12.749003999488195,35971.22148800008,3.064516129032258,0.07746979452899383,0.0002776695144408381,44,85,650,1500,4700,7800,11000,12000,36000,36000,36000
POST,/cin/create/341,571,4,42,940.163731218917,10.883632001423393,12772.951719000048,3.0893169877408058,0.07927464637285928,0.0005553390288816762,42,65,430,780,3200,6400,9700,11000,13000,13000,13000
POST,/cin/create/342,524,3,42,827.231248276725,11.601487998632365,13766.439125000034,3.122137404580153,0.07274941278349958,0.0004165042716612571,42,55,310,730,2600,5100,9600,12000,14000,14000,14000
POST,/cin/create/343,565,3,42,890.8884976601998,14.58046799962176,12398.992489999728,3.095575221238938,0.07844163782953675,0.0004165042716612571,42,53,120,790,3200,5900,9300,11000,12000,12000,12000
POST,/cin/create/344,540,4,44,965.5923256721977,6.488933999207802,12604.557050999574,3.0555555555555554,0.07497076889902628,0.0005553390288816762,44,69,470,970,3700,6200,9300,11000,13000,13000,13000
POST,/cin/create/345,534,2,44,991.7112549419691,14.28294899960747,13999.77995900008,3.0861423220973783,0.07413776035570377,0.0002776695144408381,44,78,400,1000,3400,6000,10000,12000,14000,14000,14000
POST,/cin/create/346,529,5,43,936.9859465576391,13.484009001331287,13174.022870000044,3.051039697542533,0.07344358656960168,0.0006941737861020952,43,69,500,1100,3200,6000,8900,9800,13000,13000,13000
POST,/cin/create/347,538,4,44,992.6761457750636,5.754863001129706,12590.479511000012,3.0947955390334574,0.07469309938458545,0.0005553390288816762,44,100,500,910,3600,7100,9000,10000,13000,13000,13000
POST,/cin/create/348,502,3,48,973.0895867530068,9.867977998510469,14101.140910999675,3.0239043824701195,0.06969504812465036,0.0004165042716612571,48,180,600,980,3300,5800,10000,12000,14000,14000,14000
POST,/cin/create/349,589,1,46,1106.2560437385405,13.744654999754857,12261.736594000467,3.030560271646859,0.08177367200282681,0.00013883475722041905,46,140,630,1200,4500,6900,9400,10000,12000,12000,12000
POST,/cin/create/35,523,4,44,886.5118543785622,15.868140999373281,13434.131059999345,3.05736137667304,0.07261057802627915,0.0005553390288816762,44,75,310,760,3300,6000,8800,11000,13000,13000,13000
POST,/cin/create/350,515,3,44,1018.0603515825496,12.580715998410597,12942.562354000984,3.0640776699029124,0.0714998999685158,0.0004165042716612571,44,73,480,1200,4200,6200,9700,11000,13000,13000,13000
POST,/cin/create/351,528,1,44,1156.1934527974233,13.598968998849159,30419.01215299913,3.034090909090909,0.07330475181238126,0.00013883475722041905,44,78,520,1200,3900,7600,11000,13000,30000,30000,30000
POST,/cin/create/352,575,0,43,1054.848983527005,15.276297001037165,12744.917275000262,3.0,0.07982998540174095,0.0,43,64,410,1200,3900,6800,11000,11000,13000,13000,13000
POST,/cin/create/353,515,1,45,1154.753849833014,14.919174000169733,13180.802876000598,3.0349514563106794,0.0714998999685158,0.00013883475722041905,45,84,810,1300,4100,7600,10000,12000,13000,13000,13000
POST,/cin/create/354,487,2,44,1091.0050584785179,10.467218000485445,14031.513845000518,3.0739219712525667,0.06761252676634408,0.0002776695144408381,44,97,810,1600,3900,6100,9300,13000,14000,14000,14000
POST,/cin/create/355,521,2,43,795.8197067869703,13.806442000714014,12749.906724999164,3.0287907869481767,0.07233290851183832,0.0002776695144408381,43,60,360,710,2700,5200,7900,9400,13000,13000,13000
POST,/cin/create/356,556,2,42,1002.1325365305773,9.681827999884263,36112.79506699975,3.026978417266187,0.07719212501455298,0.0002776695144408381,42,63,320,920,3200,6100,11000,11000,36000,36000,36000
POST,/cin/create/357,584,0,44,920.711678621647,15.706079999290523,14691.362453000693,3.0,0.08107949821672472,0.0,44,65,530,1100,3200,5300,8900,11000,15000,15000,15000
POST,/cin/create/358,514,4,45,1128.6795217256777,10.346762999688508,12792.866635998507,3.140077821011673,0.07136106521129539,0.0005553390288816762,45,87,570,1100,4200,8000,10000,12000,13000,13000,13000
POST,/cin/create/359,555,1,44,1096.9906853873642,8.370779998585931,15343.70490800029,3.0324324324324325,0.07705329025733257,0.00013883475722041905,44,95,700,1300,4400,6800,9400,11000,15000,15000,15000
POST,/cin/create/36,559,3,43,892.179556205715,13.557804999436485,39836.38957999938,3.0590339892665472,0.07760862928621425,0.0004165042716612571,43,67,370,810,2300,4700,8000,11000,40000,40000,40000
POST,/cin/create/360,579,4,43,969.3776169723446,10.236305000944412,13269.527053000274,3.088082901554404,0.08038532443062263,0.0005553390288816762,43,58,490,1100,3500,6600,8700,10000,13000,13000,13000
POST,/cin/create/361,507,1,44,996.6928345167374,13.374196998483967,12864.388403000703,2.9940828402366866,0.07038922191075246,0.00013883475722041905,44,71,670,1100,3600,6200,9700,11000,13000,13000,13000
POST,/cin/create/362,508,2,43,1110.8973090590305,12.415188999511884,12926.307396999619,3.0708661417322833,0.07052805666797288,0.0002776695144408381,43,72,740,1500,4400,6800,9800,12000,13000,13000,13000
POST,/cin/create/363,493,3,43,919.9307302839876,11.426393000874668,30337.33053799915,3.109533468559838,0.06844553530966659,0.0004165042716612571,43,59,290,600,3100,6900,8500,11000,30000,30000,30000
POST,/cin/create/364,513,6,44,1210.8851890994092,10.875591999138123,14931.071831000736,3.1481481481481484,0.07122223045407497,0.0008330085433225142,44,78,810,1400,4900,8100,10000,12000,15000,15000,15000
POST,/cin/create/365,524,5,44,1077.7272681794325,5.926047999309958,14003.451575999861,3.131679389312977,0.07274941278349958,0.0006941737861020952,44,110,560,1000,3700,7200,10000,12000,14000,14000,14000
POST,/cin/create/366,505,6,46,1027.0772702375973,10.383679000369739,36033.81406799963,3.1722772277227724,0.07011155239631162,0.0008330085433225142,46,120,660,1200,3300,6400,8900,12000,36000,36000,36000
POST,/cin/create/367,539,2,44,983.7499545009464,14.762345999770332,12959.594253999967,3.027829313543599,0.07483193414180586,0.0002776695144408381,44,69,500,940,3700,6100,9200,10000,13000,13000,13000
POST,/cin/create/368,531,2,44,964.6234170075238,11.417904001064016,13896.76120600052,3.0677966101694913,0.07372125608404251,0.0002776695144408381,44,65,340,960,3300,6700,10000,12000,14000,14000,14000
POST,/cin/create/369,536,0,45,867.204001751853,14.947813000617316,12272.983520000707,3.0,0.0744154298701446,0.0,45,82,530,900,2700,5900,8400,9900,12000,12000,12000
POST,/cin/create/37,506,2,44,863.1352112134709,10.356098999181995,13032.246700999167,3.0296442687747036,0.07025038715353203,0.0002776695144408381,44,80,600,1000,3200,5200,8100,8800,13000,13000,13000
POST,/cin/create/370,543,1,44,864.2554688195087,13.732319999689935,12750.221869000598,3.0331491712707184,0.07538727317068754,0.00013883475722041905,44,82,440,880,3100,5600,8000,9700,13000,13000,13000
POST,/cin/create/371,528,5,46,994.3208489829783,9.874322999166907,13005.463611998493,3.149621212121212,0.07330475181238126,0.0006941737861020952,46,83,480,830,3800,5900,11000,12000,13000,13000,13000
POST,/cin/create/372,508,5,46,1086.0999466909582,6.336573000226053,39780.15182700074,3.1358267716535435,0.07052805666797288,0.0006941737861020952,46,130,600,1200,3400,7200,9500,10000,40000,40000,40000
POST,/cin/create/373,488,1,44,1095.690686006037,14.494171999103855,13091.060130000187,2.9938524590163933,0.0677513615235645,0.00013883475722041905,44,62,380,1000,4200,7600,10000,12000,13000,13000,13000
POST,/cin/create/374,545,3,44,986.3904022091627,11.435258998972131,16905.94480800064,3.0605504587155963,0.07566494268512838,0.0004165042716612571,44,76,470,1000,3100,6200,9900,11000,17000,17000,17000
POST,/cin/create/375,568,2,46,1181.587112369624,15.034316998935537,39802.18985300053,3.063380281690141,0.07885814210119801,0.0002776695144408381,46,76,760,1200,4400,6900,9400,12000,40000,40000,40000
POST,/cin/create/376,507,2,45,1034.831612017741,7.177750001574168,12824.432863999391,3.029585798816568,0.07038922191075246,0.0002776695144408381,45,100,580,1200,3800,6500,9800,11000,13000,13000,13000
POST,/cin/create/377,491,2,43,1042.3484364663825,6.743365998772788,30266.729824999857,3.0733197556008145,0.06816786579522575,0.0002776695144408381,43,72,530,880,3700,7100,9800,11000,30000,30000,30000
POST,/cin/create/378,492,2,43,1017.4900202804644,13.772723999863956,13575.106243000846,3.0304878048780486,0.06830670055244617,0.0002776695144408381,43,68,440,930,3300,6900,10000,11000,14000,14000,14000
POST,/cin/create/379,531,2,43,937.6241762391459,11.516201999256737,12740.486205999332,3.0677966101694913,0.07372125608404251,0.0002776695144408381,43,65,470,810,3100,7100,9300,10000,13000,13000,13000
POST,/cin/create/38,517,5,43,925.6974225454342,5.546108999624266,11849.020329998893,3.0522243713733075,0.07177756948295665,0.0006941737861020952,43,61,560,1000,3400,5700,9000,10000,12000,12000,12000
POST,/cin/create/380,521,1,45,990.1213850364678,14.810358001341228,12204.898039999534,3.034548944337812,0.07233290851183832,0.00013883475722041905,45,130,750,1400,3800,5200,8600,9800,12000,12000,12000
POST,/cin/create/381,528,2,42,975.6368019450324,10.453676999532036,14136.121543000627,3.0681818181818183,0.07330475181238126,0.0002776695144408381,42,57,350,980,3500,6700,9100,11000,14000,14000,14000
POST,/cin/create/382,546,4,47,1192.2961335128361,1.3485870003933087,12772.221707000426,3.0934065934065935,0.0758037774423488,0.0005553390288816762,47,270,980,1800,4500,6700,9500,10000,13000,13000,13000
POST,/cin/create/383,529,3,44,968.0063284007,11.112096000942984,12839.221358000941,3.1209829867674856,0.07344358656960168,0.0004165042716612571,44,66,550,1000,3700,6500,9100,10000,13000,13000,13000
POST,/cin/create/384,545,4,43,951.3781501853606,13.167608998628566,16135.79036199917,3.01651376146789,0.07566494268512838,0.0005553390288816762,43,59,220,670,3700,6100,9100,11000,16000,16000,16000
POST,/cin/create/385,500,2,45,1032.9452947879906,12.348612001005677,13900.018681999427,3.03,0.06941737861020952,0.0002776695144408381,45,99,750,1200,3800,6100,9000,9300,14000,14000,14000
POST,/cin/create/386,530,4,44,992.6353067452388,7.964573000208475,12697.651615000723,3.0754716981132075,0.07358242132682209,0.0005553390288816762,44,63,410,930,4200,6400,9100,11000,13000,13000,13000
POST,/cin/create/387,522,2,43,982.7739411781398,14.466118000200368,15663.845846000186,3.028735632183908,0.07247174326905874,0.0002776695144408381,43,74,370,1000,3300,6800,9800,12000,16000,16000,16000
POST,/cin/create/388,575,4,43,893.2663806574122,8.99807600035274,12667.216047999318,3.088695652173913,0.07982998540174095,0.0005553390288816762,43,70,490,1000,3000,5500,7600,10000,13000,13000,13000
POST,/cin/create/389,559,1,46,1152.7152603648976,13.235037000413286,17518.944237999676,2.994633273703041,0.07760862928621425,0.00013883475722041905,46,200,860,1400,3800,7700,11000,13000,18000,18000,18000
POST,/cin/create/39,526,3,42,857.4727599277994,12.751132999255788,11923.807588000273,3.0228136882129277,0.07302708229794042,0.0004165042716612571,43,59,360,650,2700,6000,8800,10000,12000,12000,12000
POST,/cin/create/390,543,2,43,775.934662810395,11.004955998942023,31453.90788700024,3.0662983425414363,0.07538727317068754,0.0002776695144408381,43,60,260,640,2200,4600,7200,9800,31000,31000,31000
POST,/cin/create/391,540,3,44,1084.3119252777879,11.237114000323345,13138.756811000349,3.0796296296296295,0.07497076889902628,0.0004165042716612571,44,130,740,1400,3600,7500,10000,11000,13000,13000,13000
POST,/cin/create/392,555,4,45,964.1640113477368,10.68734400178073,15025.818793001235,3.091891891891892,0.07705329025733257,0.0005553390288816762,45,86,570,1100,3200,6000,8700,10000,15000,15000,15000
POST,/cin/create/393,532,5,42,790.4688937838538,10.51170800019463,39314.38664000052,3.1296992481203008,0.07386009084126294,0.0006941737861020952,42,57,270,610,2100,4800,8600,11000,39000,39000,39000
POST,/cin/create/394,545,3,43,818.8135330751963,9.241649999239598,12666.278357999545,3.0605504587155963,0.07566494268512838,0.0004165042716612571,43,77,360,830,2700,5700,7800,9200,13000,13000,13000
POST,/cin/create/395,525,4,44,1166.750689906701,11.36400000177673,30324.452294000366,3.097142857142857,0.07288824754072,0.0005553390288816762,44,75,490,1400,4200,6700,11000,13000,30000,30000,30000
POST,/cin/create/396,521,1,44,1011.9221489366772,14.705071000207681,30469.974953999554,2.9942418426103647,0.07233290851183832,0.00013883475722041905,44,84,420,960,3100,6800,9500,11000,30000,30000,30000
POST,/cin/create/397,486,3,45,976.6137107962685,7.7045540001563495,16159.174536000137,3.111111111111111,0.06747369200912365,0.0004165042716612571,45,74,400,1000,3300,6000,9400,12000,16000,16000,16000
POST,/cin/create/398,543,3,44,987.058200832412,13.67650800057163,12535.828496998874,3.0976058931860035,0.07538727317068754,0.0004165042716612571,44,89,680,1300,4100,6000,8700,9600,13000,13000,13000
POST,/cin/create/399,506,3,43,979.0447451877935,10.064345000500907,13768.790682001054,3.1067193675889326,0.07025038715353203,0.0004165042716612571,43,62,350,980,3600,6300,9200,12000,14000,14000,14000
POST,/cin/create/4,519,2,44,1089.7623695144339,15.391188999274164,12970.345595000254,3.0886319845857417,0.07205523899739748,0.0002776695144408381,44,70,460,1200,3900,7300,9800,11000,13000,13000,13000
POST,/cin/create/40,498,4,44,1132.4049387027271,6.873065000036149,13480.698531999224,3.102409638554217,0.06913970909576868,0.0005553390288816762,44,94,730,1500,4200,7500,9600,11000,13000,13000,13000
POST,/cin/create/400,526,4,46,1030.9766077281386,1.714908999929321,14987.241350998374,3.076045627376426,0.07302708229794042,0.0005553390288816762,47,100,650,1200,3900,6900,9800,11000,15000,15000,15000
POST,/cin/create/401,486,3,43,1189.5655300123617,10.100962999786134,36521.48327000032,3.1316872427983538,0.06747369200912365,0.0004165042716612571,43,66,410,980,4200,8700,11000,12000,37000,37000,37000
POST,/cin/create/402,536,4,42,847.5525448264906,14.344715000333963,36043.343502000425,3.1343283582089554,0.0744154298701446,0.0005553390288816762,43,55,200,490,2200,6100,9000,11000,36000,36000,36000
POST,/cin/create/403,513,1,43,1016.0115245867829,15.611615999659989,14021.870290000152,2.9941520467836256,0.07122223045407497,0.00013883475722041905,43,74,570,990,3500,6600,9500,11000,14000,14000,14000
POST,/cin/create/404,544,1,45,859.936060665453,13.435037000817829,14006.700275000185,3.0330882352941178,0.07552610792790795,0.00013883475722041905,45,75,430,870,3100,5200,8700,11000,14000,14000,14000
POST,/cin/create/405,544,1,45,1069.3895429650413,5.43922900033067,13587.494172999868,2.994485294117647,0.07552610792790795,0.00013883475722041905,45,89,750,1300,4100,6500,10000,11000,14000,14000,14000
POST,/cin/create/406,522,2,43,913.8305172394375,10.51524800095649,14650.829766000243,3.028735632183908,0.07247174326905874,0.0002776695144408381,43,72,430,820,3200,6100,9100,11000,15000,15000,15000
POST,/cin/create/407,540,1,44,957.366655574036,13.829681998686283,12781.803975000003,2.9944444444444445,0.07497076889902628,0.00013883475722041905,44,98,690,1200,3300,6100,8700,10000,13000,13000,13000
POST,/cin/create/408,534,4,44,1067.9988993989145,6.700834999719518,12770.054068998434,3.056179775280899,0.07413776035570377,0.0005553390288816762,44,67,570,1400,4000,6900,9200,12000,13000,13000,13000
POST,/cin/create/409,517,0,44,1004.7899716324936,13.759281000602641,16877.801624999847,3.0,0.07177756948295665,0.0,44,75,550,1000,3200,7400,10000,12000,17000,17000,17000
POST,/cin/create/41,563,3,43,908.3572190479562,11.733131999790203,13217.264380000415,3.0763765541740673,0.07816396831509592,0.0004165042716612571,43,64,480,960,3300,5800,9700,10000,13000,13000,13000
POST,/cin/create/410,513,3,45,944.9101334463606,13.079152000500471,13097.826318999068,3.0838206627680314,0.07122223045407497,0.0004165042716612571,45,76,510,880,3200,6500,9200,11000,13000,13000,13000
POST,/cin/create/411,547,3,45,1178.0079047276392,12.500862998422235,14534.242764999362,3.060329067641682,0.07594261219956921,0.0004165042716612571,45,90,560,1400,3800,8000,12000,13000,15000,15000,15000
POST,/cin/create/412,496,2,46,982.7554053084654,13.74469000074896,12672.008710000227,3.030241935483871,0.06886203958132785,0.0002776695144408381,46,84,730,1200,3500,6100,9100,12000,13000,13000,13000
POST,/cin/create/413,583,4,43,904.2424682847841,10.369607000029646,14102.226144999804,3.123499142367067,0.0809406634595043,0.0005553390288816762,43,60,380,760,3000,6600,8800,9800,14000,14000,14000
POST,/cin/create/414,528,5,43,1006.2171965530354,11.733242999980575,13463.327247000052,3.090909090909091,0.07330475181238126,0.0006941737861020952,43,64,430,970,3500,6300,9700,12000,13000,13000,13000
POST,/cin/create/415,532,2,43,966.1198642443302,13.774005999948713,11735.251157000675,3.0281954887218046,0.07386009084126294,0.0002776695144408381,43,77,790,1200,3600,5600,8200,8900,12000,12000,12000
POST,/cin/create/416,518,1,45,1050.508607913096,14.160796999931335,15583.213615000204,3.054054054054054,0.07191640424017706,0.00013883475722041905,45,76,570,1100,3800,6900,9300,11000,16000,16000,16000
POST,/cin/create/417,531,6,46,1203.0821280847003,10.825258999830112,38799.10349599959,3.1638418079096047,0.07372125608404251,0.0008330085433225142,46,140,750,1300,3900,7200,11000,12000,39000,39000,39000
POST,/cin/create/418,571,3,43,956.9342816672638,12.099175999537692,13478.483803999552,3.021015761821366,0.07927464637285928,0.0004165042716612571,43,62,330,860,3400,6100,10000,12000,13000,13000,13000
POST,/cin/create/419,566,4,44,1050.672212402772,11.130434000733658,13906.0210380012,3.1448763250883394,0.07858047258675718,0.0005553390288816762,44,100,600,1200,3500,6600,11000,12000,14000,14000,14000
POST,/cin/create/42,531,3,43,1065.4000579981666,9.61784799983434,15559.217972000624,3.022598870056497,0.07372125608404251,0.0004165042716612571,43,62,320,950,3900,7300,10000,12000,16000,16000,16000
POST,/cin/create/420,563,2,43,831.6183335648209,12.793207999493461,12870.884353000292,3.063943161634103,0.07816396831509592,0.0002776695144408381,43,57,430,770,2800,5200,8200,12000,13000,13000,13000
POST,/cin/create/421,534,2,45,969.4665506629165,12.766869000188308,12494.835997000337,3.067415730337079,0.07413776035570377,0.0002776695144408381,45,160,720,1100,3500,6300,7600,10000,12000,12000,12000
POST,/cin/create/422,499,4,43,1006.1270501984187,10.030146999270073,13830.569076999382,3.1022044088176353,0.06927854385298911,0.0005553390288816762,43,77,480,1000,3900,7100,9200,9600,14000,14000,14000
POST,/cin/create/423,527,3,43,980.1739379469022,10.203534000538639,13791.14163200029,3.062618595825427,0.07316591705516083,0.0004165042716612571,43,74,440,850,3800,6500,9100,10000,14000,14000,14000
POST,/cin/create/424,547,7,46,1147.298868106051,9.92340700031491,35986.12460299955,3.1919561243144425,0.07594261219956921,0.0009718433005429333,46,180,940,1400,3800,6300,9600,12000,36000,36000,36000
POST,/cin/create/425,520,3,45,876.4359726749998,10.205118000158109,14219.8440760003,3.103846153846154,0.07219407375461791,0.0004165042716612571,45,69,420,920,2900,5900,9400,11000,14000,14000,14000
POST,/cin/create/426,587,4,43,955.2906805314939,1.298072000281536,13365.198784000313,3.0511073253833048,0.08149600248838598,0.0005553390288816762,43,63,500,1200,3600,5700,8500,10000,13000,13000,13000
POST,/cin/create/427,536,2,44,920.5766738470744,14.192770000590826,12861.4727819986,3.0279850746268657,0.0744154298701446,0.0002776695144408381,44,69,410,780,3800,6600,9100,9900,13000,13000,13000
POST,/cin/create/428,508,4,45,951.8457781378103,11.177402000612346,13018.492107001293,3.1003937007874014,0.07052805666797288,0.0005553390288816762,45,77,490,920,3800,5800,8700,9600,13000,13000,13000
POST,/cin/create/429,561,2,46,940.6588713814948,14.416201000130968,14952.164375999928,2.9893048128342246,0.07788629880065508,0.0002776695144408381,46,110,630,960,3200,5300,9000,12000,15000,15000,15000
POST,/cin/create/43,555,7,47,1071.8397138432542,5.974365998554276,14051.982979999593,3.1693693693693694,0.07705329025733257,0.0009718433005429333,47,89,660,1300,4100,6500,9500,12000,14000,14000,14000
POST,/cin/create/430,545,1,44,1087.6256556623846,13.062305999483215,13208.650294000108,3.0330275229357797,0.07566494268512838,0.00013883475722041905,44,81,490,1000,3800,7600,10000,12000,13000,13000,13000
POST,/cin/create/431,531,3,44,803.8965076083141,6.639748000452528,12843.184483999721,3.062146892655367,0.07372125608404251,0.0004165042716612571,44,70,390,730,2600,4400,9500,10000,13000,13000,13000
POST,/cin/create/432,539,5,45,1175.9525529147281,11.123628000859753,39436.51236699952,3.165120593692022,0.07483193414180586,0.0006941737861020952,45,110,630,1100,4200,7300,10000,12000,39000,39000,39000
POST,/cin/create/433,535,2,44,988.7372978990771,13.444934998915414,13223.362804999852,3.02803738317757,0.07427659511292418,0.0002776695144408381,44,78,550,1100,3600,6800,8900,9300,13000,13000,13000
POST,/cin/create/434,512,3,47,1017.1852988300857,12.1360379998805,12784.14710800098,3.0234375,0.07108339569685455,0.0004165042716612571,47,120,760,1400,3500,6000,8200,11000,13000,13000,13000
POST,/cin/create/435,529,3,44,1212.9913784234368,10.557438999967417,14093.446897999456,3.062381852551985,0.07344358656960168,0.0004165042716612571,44,81,980,1500,4700,7400,9800,11000,14000,14000,14000
POST,/cin/create/436,519,4,44,939.6124786493451,10.689331998946727,15452.737225999954,3.138728323699422,0.07205523899739748,0.0005553390288816762,44,75,570,990,3500,5900,9200,11000,15000,15000,15000
POST,/cin/create/437,539,0,44,1108.9015057124238,14.153142001305241,30800.467552000555,3.0,0.07483193414180586,0.0,44,69,600,1100,4100,7100,9500,11000,31000,31000,31000
POST,/cin/create/438,552,4,44,998.8314542716839,11.898767999809934,12699.024920000738,3.130434782608696,0.07663678598567131,0.0005553390288816762,44,80,640,1000,3800,5900,10000,11000,13000,13000,13000
POST,/cin/create/439,542,2,42,876.6211851882023,11.232795999603695,13186.776284001098,3.066420664206642,0.07524843841346712,0.0002776695144408381,42,53,190,570,3100,6300,9100,11000,13000,13000,13000
POST,/cin/create/44,505,0,47,1111.3903415940554,15.115881000383524,12861.007093999433,3.0,0.07011155239631162,0.0,47,130,680,1200,4300,7100,9600,12000,13000,13000,13000
POST,/cin/create/440,531,3,44,967.6177400414679,11.03773800059571,12865.651710999373,3.1016949152542375,0.07372125608404251,0.0004165042716612571,44,74,380,1100,3500,6500,9200,9600,13000,13000,13000
POST,/cin/create/441,503,2,44,948.8252632623722,8.790088999376167,12339.666187999683,3.0715705765407555,0.06983388288187078,0.0002776695144408381,44,90,590,1100,3400,5800,9200,11000,12000,12000,12000
POST,/cin/create/442,509,0,45,1196.020186838881,14.124829998763744,12228.763684001024,3.0,0.07066689142519329,0.0,45,290,980,1600,4500,7400,9300,10000,12000,12000,12000
POST,/cin/create/443,497,3,44,997.8730632615317,13.403281000137213,12719.440382999892,3.108651911468813,0.06900087433854826,0.0004165042716612571,44,73,430,940,4000,6500,9000,10000,13000,13000,13000
POST,/cin/create/444,503,4,45,885.8008882246546,12.81258900053217,15140.132981001443,3.143141153081511,0.06983388288187078,0.0005553390288816762,45,74,340,670,3200,5500,9000,9900,15000,15000,15000
POST,/cin/create/445,529,5,45,1090.793808107725,8.423303999734344,13338.35308199923,3.130434782608696,0.07344358656960168,0.0006941737861020952,45,100,720,1200,4400,6700,10000,12000,13000,13000,13000
POST,/cin/create/446,548,6,44,909.9500190529156,10.194212998612784,12811.72754399995,3.1204379562043796,0.07608144695678963,0.0008330085433225142,44,69,420,870,3000,5500,9300,12000,13000,13000,13000
POST,/cin/create/447,518,3,45,1093.4340300405138,10.174154000196722,13881.31637999868,3.063706563706564,0.07191640424017706,0.0004165042716612571,45,170,780,1400,3800,6700,9500,11000,14000,14000,14000
POST,/cin/create/448,494,0,44,1030.319179767204,14.095630000156234,13051.534035001168,3.0,0.068584370066887,0.0,44,73,540,1200,3700,6800,9500,11000,13000,13000,13000
POST,/cin/create/449,506,3,43,924.8261117075006,10.754937999081449,13731.224925000788,3.1264822134387353,0.07025038715353203,0.0004165042716612571,43,67,520,990,3300,6100,9100,10000,14000,14000,14000
POST,/cin/create/45,550,1,44,1078.460165952752,13.700823999897693,12794.98607700043,2.9945454545454546,0.07635911647123048,0.00013883475722041905,44,95,670,1200,4100,6800,10000,12000,13000,13000,13000
POST,/cin/create/450,537,3,45,1128.7708358081734,9.388151998791727,15109.66787399957,3.1191806331471135,0.07455426462736503,0.0004165042716612571,45,150,760,1300,4100,7000,11000,12000,15000,15000,15000
POST,/cin/create/46,513,3,45,1067.5917548128893,12.689870000031078,13006.960153999898,3.064327485380117,0.07122223045407497,0.0004165042716612571,45,95,570,1300,4400,6500,9800,12000,13000,13000,13000
POST,/cin/create/47,560,2,44,997.4214755714921,14.56559599864704,15622.110553000311,3.0642857142857145,0.07774746404343466,0.0002776695144408381,44,86,490,1000,3600,6000,10000,13000,16000,16000,16000
POST,/cin/create/48,540,1,43,1049.8853550963306,12.727825000183657,15207.226829999854,3.033333333333333,0.07497076889902628,0.00013883475722041905,43,62,430,1100,3700,7600,10000,12000,15000,15000,15000
POST,/cin/create/49,553,2,43,986.508941759433,10.952631999316509,39418.41013999874,3.065099457504521,0.07677562074289174,0.0002776695144408381,43,68,370,820,3500,6200,9000,12000,39000,39000,39000
POST,/cin/create/5,542,1,43,928.9948444759963,14.240381999115925,12721.824455000387,2.9944649446494465,0.07524843841346712,0.00013883475722041905,43,69,430,880,3200,5900,9500,11000,13000,13000,13000
POST,/cin/create/50,535,1,44,922.8329123682436,12.602115000845515,13852.25931000059,3.033644859813084,0.07427659511292418,0.00013883475722041905,44,72,460,990,2900,5900,9300,10000,14000,14000,14000
POST,/cin/create/51,511,2,43,986.5873040449827,13.940851000370458,12854.114155999923,3.0293542074363993,0.07094456093963412,0.0002776695144408381,43,60,310,750,3900,6800,9400,11000,13000,13000,13000
POST,/cin/create/52,520,3,45,877.6096462442268,11.0012139994069,13804.40639599874,3.123076923076923,0.07219407375461791,0.0004165042716612571,45,74,390,850,3400,5500,7900,9900,14000,14000,14000
POST,/cin/create/53,482,3,44,995.9632650124757,8.839965999868582,12753.036437999981,3.0684647302904566,0.06691835298024199,0.0004165042716612571,44,75,510,980,3600,6700,9000,9300,13000,13000,13000
POST,/cin/create/54,520,3,43,1061.141970123091,7.6232819992583245,12452.188267001475,3.103846153846154,0.07219407375461791,0.0004165042716612571,43,61,450,1100,4200,7000,11000,12000,12000,12000,12000
POST,/cin/create/55,564,2,44,920.1106478528991,9.76738999997906,11768.632348999745,3.0638297872340425,0.07830280307231634,0.0002776695144408381,44,65,500,960,4000,5800,8600,9200,12000,12000,12000
POST,/cin/create/56,550,2,45,1053.3772086472495,12.139304000811535,13417.113121999137,3.0654545454545454,0.07635911647123048,0.0002776695144408381,45,87,650,1100,3900,7200,9700,11000,13000,13000,13000
POST,/cin/create/57,525,3,44,1201.603861779054,7.8702099999645725,13487.81374399914,3.0628571428571427,0.07288824754072,0.0004165042716612571,44,83,700,1400,4900,8100,10000,12000,13000,13000,13000
POST,/cin/create/58,546,4,45,1098.5750520806062,15.473592000489589,12717.089388999739,3.0164835164835164,0.0758037774423488,0.0005553390288816762,45,70,570,1300,3800,7200,9800,11000,13000,13000,13000
POST,/cin/create/59,515,2,44,823.218825681561,10.141434000615845,12808.591001999957,3.029126213592233,0.0714998999685158,0.0002776695144408381,44,65,400,860,2800,5600,7300,9200,13000,13000,13000
POST,/cin/create/6,559,4,43,959.0282528622895,11.977030999332783,13219.74795100141,3.146690518783542,0.07760862928621425,0.0005553390288816762,43,65,450,930,3600,6000,9000,11000,13000,13000,13000
POST,/cin/create/60,533,3,43,1228.2146461069374,3.1686940001236508,39199.86124699972,3.0619136960600377,0.07399892559848335,0.0004165042716612571,43,86,690,1300,4300,8000,11000,12000,39000,39000,39000
POST,/cin/create/61,578,2,45,953.9465394411768,9.788929000933422,14150.67936000014,3.0622837370242215,0.08024648967340221,0.0002776695144408381,45,76,760,1300,3400,5800,7900,10000,14000,14000,14000
POST,/cin/create/62,537,3,43,778.6791679962743,14.530772001307923,13635.293706000084,3.022346368715084,0.07455426462736503,0.0004165042716612571,43,60,250,600,2400,4900,8600,10000,14000,14000,14000
POST,/cin/create/63,549,3,43,1197.2876348050816,15.286162999473163,39455.086521998965,3.060109289617486,0.07622028171401006,0.0004165042716612571,43,65,490,920,4200,7000,10000,12000,39000,39000,39000
POST,/cin/create/64,535,6,44,1072.830615912176,10.212334000243573,13455.393583999467,3.201869158878505,0.07427659511292418,0.0008330085433225142,44,80,520,1100,4000,7200,9500,12000,13000,13000,13000
POST,/cin/create/65,531,2,44,1072.7927897721408,10.392284999397816,30293.908908999583,3.0677966101694913,0.07372125608404251,0.0002776695144408381,44,73,600,1200,3900,6700,9300,11000,30000,30000,30000
POST,/cin/create/66,539,0,43,1021.9614960890186,13.473610000801273,39834.14019200063,3.0,0.07483193414180586,0.0,43,66,400,960,3500,6000,9700,12000,40000,40000,40000
POST,/cin/create/67,592,2,43,1008.5898367364792,13.098295999952825,13184.588838999844,3.060810810810811,0.08219017627448807,0.0002776695144408381,43,63,470,980,3700,6100,9500,12000,13000,13000,13000
POST,/cin/create/68,550,4,43,987.1837148909208,14.991643000030308,15095.710649999091,3.0727272727272728,0.07635911647123048,0.0005553390288816762,43,73,470,1100,3500,6500,8900,10000,15000,15000,15000
POST,/cin/create/69,525,2,45,923.601998125705,14.64818199929141,13396.51466199939,2.9885714285714284,0.07288824754072,0.0002776695144408381,45,87,640,1100,3500,6000,7900,9400,13000,13000,13000
POST,/cin/create/7,559,5,44,973.1346785098299,8.347799999683048,13374.859154999285,3.0483005366726297,0.07760862928621425,0.0006941737861020952,44,64,410,910,3800,5800,9600,12000,13000,13000,13000
POST,/cin/create/70,568,1,43,1018.1035939718274,15.72273500096344,12713.459544998841,3.0316901408450705,0.07885814210119801,0.00013883475722041905,43,74,520,990,3500,7000,9700,11000,13000,13000,13000
POST,/cin/create/71,529,1,45,1057.4175538241964,12.488619000578183,12961.14785699865,3.0340264650283553,0.07344358656960168,0.00013883475722041905,45,140,840,1200,3500,6300,9900,12000,13000,13000,13000
POST,/cin/create/72,532,5,42,961.2864763834641,14.644183000200428,13208.680969999477,3.1090225563909772,0.07386009084126294,0.0006941737861020952,42,64,360,910,3000,6400,9600,11000,13000,13000,13000
POST,/cin/create/73,543,2,43,877.7246379650211,14.066969000850804,13145.963475999451,3.027624309392265,0.07538727317068754,0.0002776695144408381,43,66,340,770,2800,5700,8700,9900,13000,13000,13000
POST,/cin/create/74,537,3,44,995.3758197038999,10.044799000752391,13662.802251999892,3.0614525139664805,0.07455426462736503,0.0004165042716612571,44,110,640,1100,3200,6600,9200,12000,14000,14000,14000
POST,/cin/create/75,554,3,46,997.4389422490553,13.47195800008194,14175.241951001226,3.0216606498194944,0.07691445550011215,0.0004165042716612571,46,110,550,1100,3600,6200,9000,9900,14000,14000,14000
POST,/cin/create/76,542,4,45,1114.5742544944435,14.484822000667918,12656.434999998964,3.0166051660516606,0.07524843841346712,0.0005553390288816762,45,120,630,1700,4300,6700,9200,11000,13000,13000,13000
POST,/cin/create/77,538,2,44,1186.824187717487,12.312063001445495,12775.852568998744,3.0278810408921935,0.07469309938458545,0.0002776695144408381,44,91,630,1200,4900,8300,11000,12000,13000,13000,13000
POST,/cin/create/78,523,4,45,1204.4257906635032,11.129602999062627,39449.29439799853,3.0975143403441683,0.07261057802627915,0.0005553390288816762,45,150,770,1500,4200,6800,9600,12000,39000,39000,39000
POST,/cin/create/79,540,4,44,1060.706820400041,13.272263999169809,36699.25638700079,3.112962962962963,0.07497076889902628,0.0005553390288816762,44,73,610,1300,3800,6500,9100,10000,37000,37000,37000
POST,/cin/create/8,498,5,44,950.2694062228833,8.991962000436615,14151.559187999737,3.180722891566265,0.06913970909576868,0.0006941737861020952,44,61,450,840,3300,6100,10000,12000,14000,14000,14000
POST,/cin/create/80,558,4,45,1031.8269724211207,13.585722999778227,35979.6586930006,3.0913978494623655,0.07746979452899383,0.0005553390288816762,45,70,520,940,3800,6300,9300,12000,36000,36000,36000
POST,/cin/create/81,544,3,43,957.0701559779509,14.143954000246595,12214.400319999186,3.1176470588235294,0.07552610792790795,0.0004165042716612571,43,71,630,1100,3700,5500,8600,11000,12000,12000,12000
POST,/cin/create/82,547,2,45,916.6234823309042,10.252793001200189,12436.355086998446,3.0658135283363803,0.07594261219956921,0.0002776695144408381,45,77,550,1000,3100,5200,9200,11000,12000,12000,12000
POST,/cin/create/83,532,2,43,823.5154425638935,10.344690001147683,12661.558506999427,3.0676691729323307,0.07386009084126294,0.0002776695144408381,43,55,360,740,2800,5400,8600,11000,13000,13000,13000
POST,/cin/create/84,552,3,44,996.3105898876944,13.797740999507369,14233.743024999058,3.1159420289855073,0.07663678598567131,0.0004165042716612571,44,93,620,1100,3900,6000,8400,11000,14000,14000,14000
POST,/cin/create/85,554,2,46,1203.1657933465704,9.02596899868513,15466.454486999282,3.064981949458484,0.07691445550011215,0.0002776695144408381,46,160,710,1500,4600,6900,10000,12000,15000,15000,15000
POST,/cin/create/86,534,3,43,957.0513651254649,11.453102000814397,13176.387745001193,3.061797752808989,0.07413776035570377,0.0004165042716612571,43,63,360,750,3100,6900,10000,12000,13000,13000,13000
POST,/cin/create/87,535,3,44,953.1646593046803,10.805498000991065,14198.808580000332,3.100934579439252,0.07427659511292418,0.0004165042716612571,44,78,510,960,3400,6200,9200,11000,14000,14000,14000
POST,/cin/create/88,552,1,44,917.8050611340899,13.829768000505283,12716.853150999668,3.032608695652174,0.07663678598567131,0.00013883475722041905,45,66,400,940,3200,5900,8700,11000,13000,13000,13000
POST,/cin/create/89,537,1,44,1166.159481932967,15.673941999921226,13326.446881001175,2.994413407821229,0.07455426462736503,0.00013883475722041905,44,91,830,1800,4500,6500,9000,10000,13000,13000,13000
POST,/cin/create/9,596,2,43,928.5989620805395,9.999566000260529,12817.67480400049,3.0604026845637584,0.08274551530336975,0.0002776695144408381,43,72,520,1000,3100,5900,8800,12000,13000,13000,13000
POST,/cin/create/90,532,3,43,926.967658197373,1.570907999848714,12764.425508001295,3.06203007518797,0.07386009084126294,0.0004165042716612571,43,65,440,770,3800,6200,9000,9700,13000,13000,13000
POST,/cin/create/91,523,4,43,1115.9604201262061,9.381316998769762,14589.247452000563,3.1376673040152965,0.07261057802627915,0.0005553390288816762,43,60,440,910,4600,7500,10000,12000,15000,15000,15000
POST,/cin/create/92,515,1,44,1045.5525090155313,8.808425000097486,13335.240716998669,3.0349514563106794,0.0714998999685158,0.00013883475722041905,44,75,500,1100,3700,6500,9600,11000,13000,13000,13000
POST,/cin/create/93,544,3,43,863.1120648051748,10.495566999452421,13091.355552000095,3.079044117647059,0.07552610792790795,0.0004165042716612571,43,59,280,710,3000,5600,8400,11000,13000,13000,13000
POST,/cin/create/94,520,4,44,1007.1999137480514,13.723909998589079,12626.035830000546,3.1769230769230767,0.07219407375461791,0.0005553390288816762,45,82,560,1100,3800,6700,9600,11000,13000,13000,13000
POST,/cin/create/95,539,5,43,798.1183969777297,12.225179001688957,11012.161079999714,3.1280148423005567,0.07483193414180586,0.0006941737861020952,43,64,280,680,2800,5600,8300,9800,11000,11000,11000
POST,/cin/create/96,549,3,44,1187.6288086229474,14.522238001518417,15068.426748001002,3.060109289617486,0.07622028171401006,0.0004165042716612571,44,72,580,1200,5100,7400,11000,12000,15000,15000,15000
POST,/cin/create/97,513,4,43,848.5430089434973,10.975756000334513,15325.163294999584,3.0994152046783627,0.07122223045407497,0.0005553390288816762,43,66,370,710,2600,6000,9400,12000,15000,15000,15000
POST,/cin/create/98,521,3,43,1117.6689250518714,10.117837999132462,12806.260241999553,3.103646833013436,0.07233290851183832,0.0004165042716612571,43,63,330,790,5400,7600,9900,11000,13000,13000,13000
POST,/cin/create/99,536,5,47,1093.5975970224092,10.034699000243563,14750.196941000468,3.0690298507462686,0.0744154298701446,0.0006941737861020952,47,290,820,1200,4000,6700,9400,11000,15000,15000,15000
,Aggregated,239694,1231,44,1000.4673323956446,1.003327999569592,39851.92639700108,3.0635935818168165,33.27785829719112,0.17090558613833584,44,74,520,1000,3600,6400,9300,11000,14000,37000,40000
